Rank,Team,Player,Fantasy Position,ADP,Bye,Age,1yr. Proj,3yr. Proj,5yr. Proj,10yr. Proj,DS Analysis,3D Value +
1,,Josh Allen,QB,103.09,7,30.3,494,1346,2191,4153,"Despite a weak pass-catching corps, Allen led all QBs in fantasy points per game in 2025. At 30, Allen’s run of elite play should continue for the foreseeable future. He gets a nice boost with the addition of D.J. Moore, who should stick around for at least the next two seasons.",100
2,,Joe Burrow,QB,112.05,6,29.7,487,1355,2189,4140,"Burrow performed as a high-end QB1 in 2024. He was also one of the offseason winners in 2025, as Cincy retained WRs Ja’Marr Chase AND Tee Higgins on long-term deals. Then came a disastrous '25 season that was thrown off track by a Week 2 turf toe injury. Fortunately, Burrow returned and flashed his high-end upside on a couple of occasions. He should have multiple years of top-8 production remaining.",100
3,,Drake Maye,QB,138.11,11,24,447,1261,2136,4267,"Well-built at 6’4, 230, Maye showed he could make any throw on the field as a rookie. Then, alongside an upgraded O-line and an improved WR corps, Maye’s play reached elite levels in 2025. He ranked top five in passing TDs, passing yards, yards per attempt, and passing success rate. His arrow is pointing straight up ahead of Year 3.",90
4,,Patrick Mahomes,QB,100.11,5,30.9,432,1305,2136,4109,"Mahomes posted underwhelming production in 2024, ultimately finishing as the QB11. When healthy in 2025, he lacked consistency from week to week. Instead, he relied on rushing stats to finish as a top-5 fantasy QB pre-injury. Unfortunately, he suffered a December ACL/LCL tear that puts his availability for Week 1, 2026, in question.",88
5,,Justin Herbert,QB,112.09,7,28.4,447,1259,2057,3993,"Alongside new HC Jim Harbaugh, WR Ladd McConkey, and LT Joe Alt, Herbert played excellent real-life ball in 2024. However, he finished as a QB1 in only five of 17 games. The team added back Keenan Allen in 2025, plus spent early picks on RB Omarion Hampton and WR Tre Harris. The team even saw a quick rise from Round 5 TE Oronde Gadsden II. Herbert ultimately delivered a fine fantasy season with help from boosted rushing volume. But an injury-ravaged O-line and another Herbert injury -- this time to his hand -- limited what could have been an even better season. With plenty of talent around him, Herbert remains an upside QB1 alongside new OC Mike McDaniel.",80
6,,Lamar Jackson,QB,103.11,13,29.6,438,1290,2105,3694,"Jackson posted an MVP-caliber 2024, resulting in a career-high 488 fantasy points. But injuries to his back and hamstring severely limited his fantasy output in 2025. In fact, Jackson delivered only three top-5 fantasy finishes -- each over the first three weeks of the season. Jackson is a bounce-back candidate for 2026, his age-29 season.",77
7,,Jayden Daniels,QB,140.01,7,25.7,420,1275,2074,3872,"Daniels proved pro-ready as a rookie, throwing for 3,568 yards, 25 TDs, and 9 INTs on a 69% completion rate. His 891 rushing yards ranked second among QBs. Washington added useful pieces in the '25 offseason, including WR Deebo Samuel and LT Laremy Tunsil, but a pair of elbow injuries ultimately derailed the QB's season. At only 25, Daniels is a prime rebound candidate for 2026 and beyond.",77
8,,Bijan Robinson,RB,131.06,11,24.6,283,704,1133,1904,"With OC Arthur Smith out of town, Robinson's production exploded to 1,881 total yards and 15 TDs in 2024. While his TD count dropped in 2025, he still posted a career-high 22.0 PPR points per game. He also played all 17 games for the third straight season. At only 24, Bijan should remain an elite fantasy option for the foreseeable future.",64
9,,Caleb Williams,QB,139.05,10,24.8,452,1165,1935,3773,"Williams showed the ability to make high-end throws as a rookie. But his tendency to hold the ball and take sacks led to a wildly inconsistent campaign. Fortunately, an improved O-line and an upgraded pass-catching corps arrived last offseason and immediately paid dividends. TE Colston Loveland and WR Luther Burden really showed promise and supply long-term building blocks. Williams should only improve as he gains time in HC Ben Johnson's system.",62
10,,Trevor Lawrence,QB,117.06,7,26.8,440,1173,1933,3760,"A shoulder injury limited Lawrence to only 10 games in 2024. Then in 2025, he rebounded tremendously under new HC Liam Coen. Lawrence tallied 4,007-29-12 -- plus nine rushing TDs. That propelled him to an overall QB4 fantasy finish. Lawrence's huge season came despite only seven games alongside rookie WR Travis Hunter. We also saw WR Brian Thomas Jr. take a major step back. Veteran Jakobi Meyers stepped up following a mid-season trade, as the team extended him through the 2028 season. Regardless of the pieces, Lawrence's stock is clearly on the rise.",62
11,,Ja'Marr Chase,WR,118.12,6,26.5,249,698,1132,2091,"Chase took a slight step back after his 2024 triple crown, but Joe Burrow’s extended absence shaped much of that dip. Even so, Chase still finished WR3 in PPR points per game at 19.7. That number felt much closer to his floor than his ceiling. As long as Burrow stays healthy, Chase will push for the top WR spot each year for the foreseeable future. He's only 26 years old.",60
12,,Jahmyr Gibbs,RB,131.07,6,24.4,292,663,1052,1680,"Despite a slow start, Gibbs largely delivered as a rookie RB. He averaged 5.2 YPC and popped in 10 TDs on 182 attempts, adding 52 receptions. His production reached new heights in 2024, and he proved more than capable as a workhorse back following a late-season injury to David Montgomery. 2025 turned up much of the same, as he finished as the PPR RB3 even with a few late-season duds. The former Round 1 pick is now eligible for a contract extension.",59
13,,Bo Nix,QB,140.03,10,26.5,442,1182,1927,3595,"As an older prospect at 24, Nix proved pro-ready alongside HC Sean Payton. Across 17 games, he tallied 3,775-29-12 -- plus 430-4 rushing. The 2025 offseason brought the arrival of veteran TE Evan Engram and Round 3 WR Pat Bryant, along with a new deal for Courtland Sutton. While Nix's play proved inconsistent, he still finished QB7 on a league-high 612 attempts. He also added 5 rushing TDs and finished tied for fifth in QB rush attempts. 2026 turned up a trade for Jaylen Waddle, giving Nix one of the best WR corps league-wide.",57
14,,Jared Goff,QB,99.03,6,31.8,442,1226,1977,3298,"Leaning on OC Ben Johnson and an all-star cast, Goff set career highs in completion rate (72.4%) and passing TDs (37) in 2024. Goff's numbers predictably dipped after Johnson left to coach the Bears. Still, the veteran finished a solid QB6 in 17 games. While he'll break in another OC in 2026 -- Drew Petzing -- he'll remain surrounded by plenty of talent. Goff should remain a useful fantasy piece in the short term.",57
15,,Jeremiyah Love,RB,1.01,14,21.3,195,618,1029,1925,"Love was a force at Notre Dame, posting back-to-back 1,100-yard rushing seasons with 35 total rushing TDs. His contact balance and power rank among the best RB traits in recent draft classes, and his profile stacks up favorably with Ashton Jeanty’s. Arizona doesn't supply an excellent situation in 2026, as the OL and QB spots lack talent. Still, Love brings true three-down upside and will be just 21 years old as a rookie. He's an easy fit inside the top-five dynasty RBs.",56
16,,Brock Purdy,QB,129.11,8,26.7,453,1152,1889,3619,"Purdy missed a chunk of early-season games with turf toe. But he rebounded to finish as the QB4 in total points from Week 11 on. Purdy benefits from HC stability and a solid group of pass catchers, although Christian McCaffrey and George Kittle are likely nearing the end of their prime. San Francisco also added veteran Mike Evans on a multi-year deal. Purdy is under contract through the 2030 season.",56
17,,Dak Prescott,QB,99.05,14,33.1,464,1198,1972,3262,"Dak’s 2024 was ruined by a hamstring injury that required surgery. But he rebounded with a healthy 2025 to post top-five fantasy totals (4,552 yards, 30 TDs, 10 INTs). We'll see about the status of George Pickens, but expect Dallas to retain him.",55
18,,Jonathan Taylor,RB,113.07,13,27.6,259,651,985,1568,"Taylor missed three games in 2024 but remained busy on a per-game basis, averaging 23 touches. The former Round 2 pick then went off for a HUGE 2025 that included 323 carries, 1,585 yards, and 18 TDs. He added a career-high 46 catches and 378 yards. Now, Taylor's huge career workload makes him a candidate for an early decline. In the short-term, though, this Indy offense should remain centered on the run. JT is signed for one more season.",54
19,,Jordan Love,QB,112.10,11,27.8,425,1216,1957,3263,"In 2025, Love missed two games for the second straight season. When healthy, he flashed with three overall QB2 fantasy finishes. However, he tallied only one other finish inside the top-10. Overall, Love’s volume continued to stay low relative to his breakout 2023. Green Bay also remains without a true No. 1 WR, although it’s a huge positive that Christian Watson has looked strong in his return from an ACL tear. Romeo Doubs joined New England in free agency, putting more pressure on Matthew Golden's development. Love is under contract through the 2028 season.",53
20,,Sam Darnold,QB,103.10,11,29.2,360,1177,1913,3658,"Darnold followed up his breakout 2024 with a solid '25. The former third overall pick threw for 4,048 yards, 25 TDs, and 14 INTs with a 67.6% completion rate. He finished QB13 in total fantasy points; QB20 in points per game. We don't see a high ceiling here, but Darnold should supply serviceable fantasy totals in the near term. Seattle retained Rashid Shaheed on a multi-year deal.",52
21,,Jaxon Smith-Njigba,WR,131.12,11,24.5,239,633,1030,1903,"JSN took another step forward in his third season, finishing as WR2 in PPR points per game (21.3). Even on a Seahawks offense that wanted to lean on the run, JSN remained dominant. His route running and athleticism leave him open on most passing plays, which led to 163 targets from Sam Darnold. At only 24 years old, JSN is one of the top players in dynasty.",52
22,,Justin Jefferson,WR,114.04,6,27.2,218,639,1038,1901,"The 2025 season marked a low point for Jefferson, at least by his standards. He finished WR31 in PPR points per game at 11.9 while dealing with a three-man QB rotation of JJ McCarthy, Carson Wentz, and Max Brosmer. Jefferson still reached 1,000 receiving yards again, stretching that streak to seven seasons. He remains in the thick of his prime. Plus, Kyler Murray arrived in March to bolster the QB room.",51
23,,Omarion Hampton,RB,152.07,7,23.4,219,602,947,1610,"Hampton carried the North Carolina offense for two years -- 2023-2024 -- including one year when Drake Maye was the QB. The former four-star recruit tallied two straight years of 1,500+ rushing yards and 15 TDs, and he adds solid receiving potential. A shifty runner who can hit the home run, Hampton showed his athleticism by crushing the Combine with a 4.48 40-yard dash and a 38"" vertical. While he landed in a dreamy spot with HC Jim Harbaugh and the Chargers, Hampton made only nine appearances due to an ankle fracture. If healthy, an RB1 season is in reach for '26 and beyond.",51
24,,Ashton Jeanty,RB,152.06,13,22.7,211,584,963,1681,"Jeanty went from a 1,900-yard sophomore season to a 2,700-yard junior season. His college tape showed elite contact balance, burst, and receiving ability. Arriving as the sixth overall pick, Jeanty showed elite flashes, most notably in a Week 16 game at Houston. Overall, Jeanty's effectiveness was limited by poor O-line and QB play. 2026 will bring major offensive changes, although Jeanty still projects as a workhorse.",51
25,,Puka Nacua,WR,136.01,11,25.3,262,603,988,1848,"Nacua delivered a career year in 2025, finishing as the PPR WR1 with 377 fantasy points. Matthew Stafford fed him 166 targets, making Nacua the clear centerpiece of the Rams’ passing game. At 24, he remains locked in as one of dynasty’s top WRs. The one thing keeping him from the top overall spot is the long-term uncertainty at QB.",50
26,,CeeDee Lamb,WR,114.07,14,27.3,225,620,1002,1825,"Lamb shared the spotlight with George Pickens, but he was still productive. He finished 2025 as WR10 in PPR points per game at 15.5. Lamb did have a short stint on IR after an AC joint sprain, but he remains an upside fantasy asset when healthy. At only 26, Lamb should be a fantasy mainstay for a long time.",49
27,,De'Von Achane,RB,133.04,6,24.8,219,582,899,1436,"Achane's rushing efficiency hit a snag in 2024. But his receiving work went through the roof: 78 catches, 592 yards, and 6 TDs. Another easy RB1 season surfaced in 2025, although he'll now hit Year 4 alongside a new QB and HC -- and a rebuilding roster.",47
28,,Amon-Ra St. Brown,WR,119.10,6,26.8,233,602,969,1765,"The Lions faltered in 2025, but St. Brown kept producing. He ranked fourth in PPR points per game at 19.1. He also ranked second in the league in targets at 172. St. Brown and Jared Goff are both signed through the 2028 season.",47
29,,Malik Nabers,WR,139.08,8,23.1,179,585,990,1931,"A 25-target start over the first two games hinted at a huge 2025 for Nabers. Then a torn ACL cut the year short. The injury could cap his early-season impact in 2026, but the long-term dynasty outlook still looks strong. Nabers remains a premium talent tied to rising QB Jaxson Dart.",47
30,,Brock Bowers,TE,141.12,13,23.7,185,537,900,1755,"Bowers disappointed in 2025 while dealing with a knee injury. He only played in 12 games and finished with 64-680-7 receiving. The talent is still undeniable, and Bowers should rebound alongside Fernando Mendoza in 2026.",46
31,,Trey McBride,TE,125.06,14,26.8,175,564,908,1667,"McBride had a dominant 2025, breaking the single-season TE receptions record in Week 17. His fantasy season ended at 119-1174-11. QB play is a minor issue in the short term, but there's no doubt McBride remains an elite dynasty TE.",46
32,,Jalen Hurts,QB,112.11,10,28,435,1174,1879,3211,"Hurts set a career-high in passing TDs in 2025. However, his rushing production took a hit, leading to a career low in fantasy points per game. Hurts did manage to avoid missing time after a concussion cost him two games in 2024. He enters next season likely to be without top WR A.J. Brown, although Philly added a versatile pass catcher in Round 1 WR Makai Lemon. Hurts is under contract through the 2028 season.",46
33,,Drake London,WR,125.12,11,25.1,203,582,958,1833,"London started the season hot but missed four games with a PCL strain. He still ended as the WR8 in PPR points per game at 16.8. Atlanta's current WR corps suggests another high-volume role in 2026. Only 25, London projects as a long-term WR1.",46
34,,Nico Collins,WR,120.02,8,27.4,205,583,944,1744,"Collins finished WR11 in PPR points per game in 2025 (15.1). Houston's struggles on offense made for a volatile season, but Collins came on late with C.J. Stroud and Davis Mills. He was a top-12 WR in a struggling offense, so the potential for even better results exists over the next few years. Collins is under contract through the 2027 season.",44
35,,Baker Mayfield,QB,103.08,10,31.3,397,1135,1865,3362,"Baker's production reached new heights in 2024. Among the highlights: career-best marks in completion rate (71.4%), passing yards (4,500), and passing TDs (41). The addition of Round 1 WR Emeka Egbuka added optimism for 2025, but Baker's play fell off after a strong start. He finished QB12 in total fantasy points -- QB18 in PPG. Mike Evans signed with the 49ers after a 12-year run in Tampa Bay, but the pass-catching group remains in fine shape.",43
36,,Colston Loveland,TE,155.05,10,22.3,176,498,835,1603,"Loveland flashed elite potential in 2025, especially after a late-season injury to Rome Odunze. With DJ Moore off to Buffalo, Loveland's role should only grow in 2026 and beyond. He'll play his second season at only 22 years old.",42
37,,James Cook,RB,125.04,7,26.9,259,537,773,1138,"Cook erupted for a massive 18 total TDs in 2024. He posted another 14 scores this past fall, also supplying a career-high 1,621 rushing yards in 17 games. He inked a contract extension last August, keeping him under team control through the 2029 season.",41
38,,Kenneth Walker III,RB,124.10,5,25.8,229,510,777,1195,"Walker encountered an up-and-down regular season in 2025, limited by Zach Charbonnet's goal line role. When Charbonnet suffered a torn ACL in the postseason, Walker stepped up for a productive run to the Super Bowl. This culminated in a 161-yard, MVP performance. Walker chose an ideal landing spot in free agency, joining a Chiefs offense that no longer rosters Kareem Hunt or Isiah Pacheco.",39
39,,George Pickens,WR,126.04,14,25.4,200,519,851,1600,"Coming off his best season (93-1,429-9), the Cowboys applied the franchise tag to Pickens in February. A long-term extension in Dallas might be the best-case scenario for Pickens' dynasty value. Just entering his prime, Pickens is an ascending talent with a ton of fantasy appeal.",38
40,,Tetairoa McMillan,WR,153.09,5,23.3,168,519,862,1675,"McMillan enjoyed a successful first season, finishing as the WR23 in fantasy points per game (12.6). The Panthers went run-heavy under QB Bryce Young, who struggled to provide consistency in the passing game. Still, McMillan was the clear No. 1 for a team short on receiving depth. He flashed excellent body control and improved as the season went on. There is star-level, top-tier potential with McMillan, who's only 23 years old.",37
41,,C.J. Stroud,QB,131.04,8,24.8,373,1080,1792,3466,"Stroud's fantasy points per game rebounded slightly from 2024 (18.2 vs. 17.0). Still, he wasn't asked to carry a team that fielded one of the NFL's top defenses. That played a part in Stroud posting only three top-12 fantasy finishes in 14 games. Nico Collins, Jayden Higgins, and Jaylin Noel supply a nice group of young weapons. Still, a lack of rushing production -- plus middling pass volume -- figures to stick around moving forward.",35
42,,Quinshon Judkins,RB,152.09,11,22.8,177,463,730,1215,"Judkins answered questions about his athleticism with a 4.48 40-yard dash at the NFL Combine and tied for second among RBs with a 1.52 10-yard split. His rookie season started nicely, but he was ultimately limited by a poor supporting cast. Judkins' season also ended with a Week 16 fibula fracture and ankle dislocation. Following surgery, he's expected to be ready for training camp, where he should retain lead-back work.",35
43,,Kyler Murray,QB,108.08,6,29,433,1127,1814,3023,"Murray was a huge disappointment in 2024, right alongside an underwhelming Marvin Harrison Jr. That trend continued in 2025, this time with the QB missing most of the season with a foot injury. Murray joined the Vikings and was named the starter, giving him enough upside in 2026 to be a solid QB2 with Superflex appeal for a contender.",34
44,,Saquon Barkley,RB,105.01,10,29.5,233,473,691,947,"2023 turned up an ugly QB situation and poor efficiency on strong volume. Barkley expressed interest in returning to New York but ultimately joined a superior environment in Philly. From there, he enjoyed a historic 2024 with 2,005 yards and 15 total TDs. 2025 marked a clear step back, as Barkley no longer delivered a steady dose of explosive plays. He's signed for three more seasons.",33
45,,Chris Olave,WR,126.02,8,26.2,190,487,794,1461,"For only the second time in his career, Olave made it through 16 games. He capitalized with career highs in catches, yards, and TDs, finishing with a 100-1,163-9 line in Kellen Moore’s offense. The late-season QB play mattered, too: all three of his 100-yard games came with Tyler Shough under center. The NFL draft brought top-10 pick Jordyn Tyson, a player capable of limiting Olave's target ceiling right away. Just note that the veteran is scheduled to enter a contract season.",33
46,,Tyler Warren,TE,155.04,13,24.3,161,401,661,1248,"Warren's 2025 was a tale of two seasons. He dominated for the first half of the year, achieving top-5 TE numbers in PPR. But an injury to Daniel Jones led to an awful late-season surge for the rookie. Zooming out, the future still looks bright here, especially after the trade of Michael Pittman. Warren should be a featured part of the passing game moving forward.",33
47,,Christian McCaffrey,RB,100.12,8,30.2,262,470,659,866,"CMC was excellent in 2023, finishing as the clear-cut RB1. Then came a nightmare 2024 that included multiple lower-body injuries (and only 50 total carries). He rebounded to a PPR RB1 finish in 2025, boosted by a huge 102 catches. Of equal importance: CMC played all 17 games. He'll play next season at 30, signaling some dynasty risk.",33
48,,Harold Fannin Jr.,TE,155.06,11,22.1,139,368,676,1315,"Fannin not only took over the No. 1 TE spot -- he became the No. 1 offensive weapon for the Browns. He ended the 2025 fantasy season 72-731-6 on 107 targets, and that was playing with three different QBs. He enters 2026 at age 22 with his best days ahead.",32
49,,Tucker Kraft,TE,134.04,11,25.8,145,403,651,1222,"Kraft enjoyed a strong 2025 before a November ACL tear cost him his season. He ended the year going 32-489-6 in only 8 games. He not only flashed good hands, but Kraft also showed after-the-catch ability in his third season. He remains a young TE on an offense that loves to use the position. The 25-year-old is a top dynasty TE moving forward.",32
50,,Breece Hall,RB,124.08,13,25.3,202,441,671,1032,"A largely ineffective Aaron Rodgers limited Hall in 2024, while the RB also battled through a knee injury. 2025 turned up even worse QB play, although Hall still posted a career-high 1,065 rushing yards. He returned to the Jets via the franchise tag, while his situation improved a bit with the arrival of Geno Smith. Still, it's reasonable to expect Hall to play elsewhere in 2027 and beyond.",31
51,,Zay Flowers,WR,132.03,13,25.9,187,482,776,1412,"The Ravens disappointed in 2025, but Flowers still delivered a career year. He posted personal bests in targets (118), catches (86), and yards (1,211) while finishing as a top-10 fantasy WR for the first time. If Lamar Jackson stays healthy, Flowers has a good chance to repeat that level of production in 2026. Baltimore’s lack of pass-catching depth also points to another heavy role. The one variable is how Flowers is utilized in new OC Declan Doyle’s offense.",31
52,,Emeka Egbuka,WR,153.11,10,23.8,165,447,788,1567,"Egbuka got off to a hot start, averaging 16.1 PPR points per game and ranking inside the top-10 WRs in the first 10 weeks of his rookie season. However, he would only top 50 yards once and didn't score a TD in Tampa's final eight games. Those first 10 games show Egbuka's potential. With Mike Evans leaving as a free agent, Egbuka will be in a position to open his sophomore campaign as the Buccaneers' No. 1 WR. While Baker Mayfield returns, the Bucs brought in a new OC in Zac Robinson.",31
53,,Carnell Tate,WR,1.02,9,21.6,150,456,778,1566,"Tate took a backseat to Ohio State phenom Jeremiah Smith but still flashed elite ball skills. He consistently tracked the ball well, beat press coverage, and showed no hesitation working the middle. That skill set, paired with top-five draft capital, points to early production in Tennessee. The depth chart helps, too. Targets are available, and Tate lands with an upside QB in Cam Ward.",31
54,,Jameson Williams,WR,126.01,6,25.4,165,475,774,1402,"It took HC Dan Campbell's play-calling to finally unlock Williams, but he showed promise once he became a featured part of Detroit's offense. Under Campbell's playcalling, Williams averaged 16.1 PPR points per game (WR5) and posted three of his four 100-yard performances. Williams remains an elite deep threat, but he also ran the fifth-most routes in '25. He's improved every season and showcased why he should be an important part of Detroit's future. He's signed through the 2029 season.",30
55,,Makai Lemon,WR,1.06,10,22.2,126,465,787,1536,"Lemon might be the best contested-catch WR in this class despite a 5’11, 195-pound frame. He aligned both in the slot and outside at USC, winning the Biletnikoff Award in 2025. His ball tracking and run-after-catch burst make him a dangerous, high-volume PPR weapon. Philadelphia adds to the appeal. The Eagles took him 20th overall, and both GM Howie Roseman and HC Nick Sirianni emphasized his ability to move across the formation. That versatility matters with A.J. Brown expected to be traded. His departure would free up 121 targets.",30
56,,TreVeyon Henderson,RB,152.12,11,23.8,151,427,667,1066,"Henderson was highly recruited and showed top-end traits at Ohio State, particularly his burst and pass-catching ability. He ran as expected at the Combine with a 4.43 40-yard dash and tied for second among RBs with a 1.52 10-yard split. Henderson appeared in all 17 games as a rookie but wasn't a major contributor until midseason. (He finished as a top-25 PPR back in seven of his final nine games.) An elite QB and an improved O-line only add value here.",29
57,,Tee Higgins,WR,115.04,6,27.6,187,475,752,1305,"2025 was another strong season for Higgins. He topped double-digit TDs for the second consecutive year and ranked as the WR16, averaging 14.0 PPR points per game. However, he missed three games with concussions -- the fourth time in five seasons that he's missed multiple games. The Bengals are running it back in 2026, so Higgins remains an excellent WR2 who should continue to post reliable WR1/2 numbers when healthy.",29
58,,Rashee Rice,WR,132.06,5,26.3,195,446,728,1338,"Rice started 2025 with a six-game suspension and ended the season on IR with a concussion. In his eight games, he was consistently targeted by Patrick Mahomes, finishing as the WR5 in PPR points per game (18.5). Rice still projects as the Chiefs' No. 1 WR, but his offseason has been nothing short of a disaster. He's serving a 30-day jail sentence after violating the terms of his probation. Rice also underwent right knee surgery in early May, although he's expected back around the start of training camp.",28
59,,Bucky Irving,RB,140.10,10,24,173,402,636,1047,"Irving performed as one of the most elusive RBs in the 2024 class. From 2022 to 2023, he forced a missed tackle every 2.5 carries – a terrific mark. That elusiveness translated to the pros right away, as he tallied 5.4 yards per carry and 1,513 total yards. 2025 wasn't as friendly, as he missed six games with a foot injury and slotted just 18th in PPR points per game. In 2026, he'll likely see his volume capped by free agent addition Kenneth Gainwell, who posted 73 catches with the Steelers last season.",28
60,,Kyren Williams,RB,124.11,11,26,203,390,603,1033,"Williams further solidified himself as a top RB in 2024, logging 1,481 scrimmage yards and 16 TDs. L.A. spent a Round 3 pick on Blake Corum, but he was lightly used throughout the season. Williams signed an extension in August of '25, but Corum earned a larger piece of the backfield work. Still, Williams delivered 1,252 yards and hit double-digit TDs for the third straight season. We expect similar backfield usage in 2026.",28
61,,A.J. Brown,WR,108.01,11,29.2,203,459,727,1251,"Brown posted his fourth consecutive season with 1,000-plus yards. He also scored 7 TDs for the third-straight season, but his overall fantasy scoring dropped by two points per game. Offseason reports incidate Brown will eventually get dealt to New England, where he'd retain a No. 1 role alongside Drake Maye.",28
62,,Ladd McConkey,WR,142.08,7,24.8,164,453,748,1341,"The sophomore slump hit McConkey hard. After posting an impressive 2.59 yards per route run as a rookie, McConeky fell to 1.35 YPRR in Year Two. Keenan Allen also out-targted McConkey in 2025. Allen is a free agent, so there's reason to think McConkey can rebound in 2026. He's still a talented 24-year-old WR, making him a solid buy-low candidate alongside new OC Mike McDaniel.",28
63,,Chase Brown,RB,135.03,6,26.4,212,400,591,968,"After a quiet rookie year, Brown showed he belongs as a big piece of Cincy's backfield in 2024. He tallied 229-990-7 rushing -- plus 54-360-4 receiving. Brown notched similar numbers in 2025, despite significant missed time from Joe Burrow. 2026 turns up a contract season for the fourth-year RB.",28
64,,Jordyn Tyson,WR,1.05,8,22,126,447,756,1475,"Tyson broke out at Arizona State in 2024 with a 74-1,101-10 line. He looked on track for another big season in 2025, scoring 7 TDs in five games before a hamstring injury cut things short. Durability is the concern. His history includes a torn ACL, PCL, and MCL in 2022, plus a broken collarbone in 2024. When healthy, Tyson brings an appealing blend of size, speed, and run-after-catch ability. Those traits give him WR1-level upside. The Saints boosted his outlook by taking him 8th overall. Tyson lands with QB Tyler Shough and could see opportunity open quickly if Chris Olave moves on after his contract year.",28
65,,Jaylen Waddle,WR,119.01,10,27.8,174,458,731,1302,"Tyreek Hill missed most of 2025, but Waddle still could not recapture the production he posted over his first three seasons. Poor QB play drove much of that decline. Now, that aspect of his profile looks better after a March trade to Denver. He projects as a co- No. 1 WR alongside Courtland Sutton.",27
66,,Jadarian Price,RB,1.03,11,22.8,161,413,654,933,Price profiles as a power runner with enough burst to rip off long TDs. He ran for 674 yards and 11 scores this past season while working behind stud teammate Jeremiyah Love. His contact balance and short-area agility translate well to the next level. And there’s reason to believe he offers more in the passing game than his 15 career catches suggest. The landing spot boosts his early outlook. Seattle has an opening with Kenneth Walker gone and Zach Charbonnet recovering from a January ACL tear.,27
67,,Garrett Wilson,WR,125.10,13,26.1,176,438,718,1349,"The Jets finished last in passing (140.3 yards per game) and 29th in scoring (17.6 points per game) last season. Predictably, Wilson's production plummeted. Injuries also contributed, as Wilson sprained his knee in Week 6, then re-injured it in Week 11. When he played, Wilson averaged 8.4 targets per game, which wasn't far off from 2024's average of 9.0. Before 2025, Wilson had not missed a game or failed to surpass 140 targets or 1,000 receiving yards in any season. He's still a dynamic talent entering his prime, but landing a legitimate QB will be paramount for Wilson's immediate and long-term value.",27
68,,Kyle Pitts,TE,117.05,11,25.8,130,346,563,1060,"Pitts rebounded in 2025, posting career highs in targets (118), catches (88), and TDs (5). He also played all 17 games for the third straight season. Atlanta placed the franchise tag on him over the winter, then signed him to a three-year extension in June. Pitts is locked in as a top-8 fantasy TE.",27
69,,DeVonta Smith,WR,119.02,10,27.8,179,439,712,1273,"Smith topped 1,000 yards for the third time in four seasons, but his target share fell from 28.6% (7th) to 24.3% (17th) in 2025. He also had a career-low four TDs. A.J. Brown's health certainly played a factor in the usage dip. Ultimately, Smith is a good No. 2 WR, but he tends to be erratic week-to-week for a low-volume passing game. If Brown sticks on the roster, Smith will retain a WR2 ceiling in the short term.",26
70,,Luther Burden III,WR,153.10,10,22.7,166,421,714,1372,"Burden didn't play much in the first half of his rookie campaign, but starting in Week 10, he flashed fantasy upside. In his final eight games, Burden ranked second in Chicago's WR corps in target share (19%) and led the group in fantasy scoring with 11.4 PPR points per game. With DJ Moore in Buffalo, Burden has a chance to provide WR2 value in 2026 and beyond.",26
71,,Matthew Stafford,QB,95.02,11,38.5,433,1170,1763,2638,"Stafford is under contract through the 2026 season and continued to look excellent in 2025. He finished the regular season with 4,707 yards and a career-high 46 TD passes. He'll play next season at 38 years old.",26
72,,Sam LaPorta,TE,134.05,6,25.6,143,335,539,971,"Sam LaPorta had strong volume early in the 2025, but a back inury placed on IR before Thanksgiving. His role in the Lions' offense appears set and he could even be a value if managers have forgotten about his talent due to the missed time. But on an offense with so many weapons, LaPorta won't be as consistent as the top dynasty TEs.",26
73,,Kenyon Sadiq,TE,1.08,13,21.4,98,316,545,1106,"Sadiq (6’3, 241) brings an elite athletic profile with the footwork and leaping ability to separate and win at the catch point. He’s a matchup problem, especially in tight coverage, and adds value after the catch. He led Oregon in receptions in 2025, though drops showed up at times. The Jets made him a mid-Round 1 pick, signaling a long-term featured role. Short term, the path to volume looks crowded. Garrett Wilson remains locked in as the top target, and the addition of Omar Cooper Jr. adds another high-percentage option underneath.",25
74,,Derrick Henry,RB,99.07,13,32.6,246,380,501,815,"Even at 31, Henry put together a masterful 2024 (325-1,921-16). He brushed off age/decline concerns to drop another strong season in 2025 -- this time with 16 rushing TDs and 5.2 YPC. Henry remains year to year at this stage of his career. We'll see how he meshes with a brand-new coaching staff after the firing of John Harbaugh.",25
75,,Christian Watson,WR,126.12,11,27.3,182,442,688,1129,"Watson only played 10 games last season after suffering an ACL tear in January, 2025. Still, he finished as WR19 in PPR points per game, looking like Green Bay's No. 1 WR. In the offseason, Green Bay rewarded him with a four-year extension to keep him with the team long term. He carries a WR2 ceiling going forward, especially after the Packers moved on from Romeo Doubs.",24
76,,Rome Odunze,WR,139.11,10,24.2,158,417,684,1279,"Through 12 games, Odunze was averaging 12.2 PPR points per game (WR22) with a pair of 100-yard outings and six TDs. But a foot injury resulted in Odunze missing Chicago's last five regular-season games. Still, he was undoubtedly Chicago's top WR in his first season in Ben Johnson's offense, cementing his status as an ascending young WR and dynasty asset.",24
77,,Bryce Young,QB,131.05,5,25.1,337,1012,1711,3304,"Young's rookie year was nothing short of a disaster: 2,877 yards, 11 TDs, and 11 INTs across 16 games. HC Dave Canales arrived to help Young post a promising 2024 – particularly later in the season. From Week 12 on, the 'Bama product ranked sixth in QB fantasy points. His supporting cast received a boost with the arrival of Round 1 WR Tetairoa McMillan in 2025. Still, he underwhelmed for fantasy with a QB18 finish. We're not expecting a major breakout in the fall.",24
78,,Fernando Mendoza,QB,1.04,13,22.9,324,1012,1699,3367,"Mendoza posted two straight 3,000-yard passing seasons at Cal and Indiana. He displays a strong arm and great mid-range accuracy while showing toughness in the pocket. Mendoza can scramble some, too, which should help his fantasy output. He lacks the upside of recent top QBs like Caleb Williams, but Mendoza has the potential to be a top-10 fantasy QB. Mendoza gets a true centerpiece target in Brock Bowers and a play-caller in Klint Kubiak who has shown the ability to scheme an efficient offense.",24
79,,KC Concepcion,WR,1.07,11,21.9,141,406,688,1343,"Concepcion built on his NC State flashes with a true breakout at Texas A&M in 2025, finishing 61-919-9 while running 65% of his routes out wide. He added 10 carries for 75 yards and a TD, plus two return scores. He runs crisp routes and presents strong run-after-catch ability. Drops showed up at times, but the usage and playmaking traits should translate. Cleveland brings QB questions, but also a clear path to Year 1 fantasy value. The target tree is thin, with TE Harold Fannin Jr. as the primary competition. That leaves room for Concepcion to earn early volume and emerge as a usable fantasy option right away.",24
80,,Cameron Ward,QB,152.01,9,24.3,339,1003,1695,3273,"Ward’s college journey took him from Incarnate Word to Washington State to Miami. The top pick improved at each stop, throwing for 4,313 yards, 39 TDs, and seven INTs for the Hurricanes in 2024. Ward showed the ability to extend plays and make accurate throws all over the field. Ultimately, Ward's rookie tape showed extreme highs and lows, but he simply wasn't surrounded by a quality pass-catching group. This offseason brought the arrival of OC Brian Daboll and a slot upgrade in Wan'Dale Robinson -- plus No. 4 overall pick Carnell Tate. Ward should creep closer to QB1 range after Year 2.",24
81,,Jaxson Dart,QB,152.03,8,23.3,397,953,1617,3199,"Dart flashed his arm talent as a true freshman at USC, but he was fully unlocked in 2024 at Ole Miss. He completed 69.3% of his passes for 4,279 yards, 29 TDs, and 6 INTs. With a quick release and improved coverage recognition, Dart quickly showed the potential to stick as an NFL starter. He also adds plenty of mobility to make a fantasy impact moving forward. While durability issues persist, Dart certainly carries top-10 potential if the Giants continue upgrading the offense.",23
82,,Dalton Kincaid,TE,134.02,7,26.8,116,284,448,779,"Kincaid endured another injury-marred season in 2025, missing time with oblique and hamstring injuries. He still flashed upside with two 100-yard games, but never saw more than six targets in any outing despite Buffalo’s shaky WR depth. When healthy, Kincaid can produce as a fantasy starter. But the injury history leaves us skeptical that he'll ever deliver on his high-end TE1 potential.",22
83,,George Kittle,TE,102.10,8,32.8,133,305,443,615,"Kittle tallied 57 catches, 628 yards, and 7 TDs across 11 games in 2025. His season ended with a torn right Achilles in the Wild Card Round. It's the type of severe injury that leaves his short-term effectiveness in question. Still, there's at least a chance he returns for Week 1. We'll monitor Kittle's rehab closely.",21
84,,Isaiah Likely,TE,125.07,8,26.3,112,278,438,761,"A preseason foot fracture limited Likely early and cost him the first four games of the 2025 season. He continued to showcase athletic traits when healthy, but the production was very inconsistent (25-275-1). Likely joined HC John Harbaugh and the Giants in free agency, placing him in a lead TE role ahead of Theo Johnson. There's certainly TE1 potential here, especially if Jaxson Dart shows improvement.",21
85,,Jake Ferguson,TE,128.04,14,27.6,111,292,438,721,"The Cowboys offensive resurgence translated to production from Ferguson. He went 81-595-8 on 100 targets during the fantasy season. He didn't display any amazing athletic skills, but Ferguson's soft hands and good route running made him a reliable option for Dak Prescott. Ferguson signed a four-year extension and is locked in with the Cowboys long term.",21
86,,Eli Stowers,TE,1.12,10,23.3,48,280,477,886,"Stowers is a former QB converted to TE. He will be more slot WR than TE, sitting at 6'4, 235 pounds. He led Vanderbilt with 62 catches last year and was a reliable option for QB Diego Pavia. Stowers has elite explosiveness and short-area quickness, and that was reflected in his excellent Combine performance. Stowers will be the future starting TE for the Eagles. Dallas Goedert is set to be a free agent after this season.",21
87,,Brian Thomas Jr.,WR,142.07,7,23.8,145,382,628,1202,"After a dynamic rookie showing, Thomas was one of the most disappointing players in 2025. He missed three games with an ankle injury, but when he did play, he struggled in Liam Coen's offense. Thomas dropped to 45th in target rate (20.4%), had zero games with more than 90 receiving yards, and was tied for worst in the league with 10 drops. Thomas showcased dynamic ability as a rookie and is still only 23, but his dynasty value took a massive hit in 2025.",21
88,,Parker Washington,WR,132.04,7,24.4,166,377,624,1117,"Washington was successful when injuries hit the Jaguars' WR corps. Including the postseason, he ended 2025 with four straight games of 9+ targets and 87+ yards. He'd benefit from the Jags making Travis Hunter anything close to a full-time DB. Still, there's starting-caliber talent in the WR room with Jakobi Meyers and Brian Thomas Jr. The Jags signed Meyers to an extension through the 2028 season.",21
89,,Terry McLaurin,WR,109.08,7,30.9,164,406,627,1020,"Coming off his 2024 breakout, injuries derailed McLaurin in 2025. He missed seven games and fell to a career-low 11.4 PPR points per game. His streak of five straight seasons with 110-plus targets and 1,000-plus receiving yards ended, and McLaurin failed to top 100 yards in any of his 10 games. QB Jayden Daniels missed more than half of the season, and promoted QB coach David Blough to replace Kliff Kingsbury. Deebo Samuel is also a free agent, adding to Washington's uncertainty. McLaurin will be back as the team's No. 1 WR in 2026, but in his age-31 season, he should be viewed as a declining dynasty asset.",21
90,,Javonte Williams,RB,118.04,14,26.3,209,345,492,628,"Williams delivered a bounce-back season with Dallas in 2025. He recorded career highs in carries (252), yards (1,201), yards per carry (4.8), and TDs (11). Williams signed a three-year deal with Dallas ahead of free agency, tying him to the team through the 2028 season.",21
91,,Cameron Skattebo,RB,156.07,8,24.5,176,327,494,793,"Skattebo earned plenty of hype as a hard-nosed runner with 1,711 rushing yards in 2024. Arizona State utilized him in the passing game, too, but he didn't display top-notch athleticism. Skattebo did post a strong 39.5"" vertical at the NFL Combine. While his Round 4 draft capital wasn't ideal, Skattebo looked like an NFL back in brief 2025 action. He missed most of the season with a serious ankle injury and will push to earn touches for a new staff in 2026.",21
92,,Tyler Shough,QB,158.06,8,26.9,396,938,1542,2956,"Shough started 2025 as the No. 2 QB behind Spencer Rattler. But the rookie eventually earned the starting gig and played well enough to keep the job into 2026. Shough tallied a 67.6% completion rate, 7.3 yards per attempt, and engineered three game-winning drives for a talent-thin Saints offense. Shough also supplied some rushing upside with a 45-186-3 line. New Orleans upgraded the supporting cast this spring, selecting Arizona State WR Jordyn Tyson at No. 8 overall.",21
93,,D.K. Metcalf,WR,107.12,9,28.7,157,389,623,1075,"Metcalf set career-low marks in targets (99), catches (59), and yards (850) in his first season in Pittsburgh. He still ranked 22nd with 12.5 PPR points per game and remained one of the best yards-after-catch WRs. Pittsburgh still has QB concerns, which makes Metcalf a somewhat risky option in dynasty, but he is still in his prime at 28.",21
94,,Jordan Addison,WR,131.11,6,24.6,147,380,629,1127,"After sitting out three games with a suspension, Addison had two 100-yard performances in his first three games. However, poor QB play torpedoed Minnesota's offense and remains a major concern for the Vikings. Entering his fourth season, Addison remains a boom-or-bust weekly play, and his dynasty value is cloudy until the Vikings stabilize their QB position.",21
95,,Malik Willis,QB,124.05,6,27.3,381,987,1579,2698,"Willis has proven effective as a spot-starter for Green Bay over the past two seasons. He peaked in Week 17 of last season with a 36.4-point fantasy effort vs. Baltimore. Now in Miami, Willis has a chance to establish himself as the starter for multiple seasons. The bulk of his fantasy appeal comes from high-end rushing upside, as the supporting cast is barren following the trade of Jaylen Waddle.",20
96,,Marvin Harrison Jr.,WR,139.06,14,24,150,370,608,1165,"Injuries derailed Harrison's sophomore season, but his play also raised serious concerns. Harrison doesn't create separation or create after the catch. He ranked 70th with 1.6 yards after catch per target and dropped to 43rd with 10.5 PPR points per game. Meanwhile, lightly-regarded teammate Michael Wilson thrived with a new QB, planting further doubts about Harrison's future. The Cardinals will also be breaking in a new HC and are likely to part ways with QB Kyler Murray. Harrison has not lived up to his draft billing in his first two seasons and should be considered a risky candidate to rebound in what looks to be a tumultuous third season in Arizona.",20
97,,Juwan Johnson,TE,123.12,8,29.9,111,273,425,649,"Johnson had a career year in 2025, posting 74-828-3 on 97 targets during the fantasy season. With Shough showing promise as the starter, Johnson should retain streaming value in the short term. We're not concerned with the arrival of Noah Fant via free agency.",20
98,,Terrance Ferguson,TE,155.09,11,23.4,94,250,426,791,"Ferguson showed a late-season surge with Davante Adams sidelined. The Rams seem intent on using the young TE as a pseudo WR, which is great for his fantasy potential. Still, uncertainty at QB and a crowded TE depth chart mean dynasty managers will need patience.",20
99,,Mark Andrews,TE,105.06,13,30.9,117,256,405,697,"Andrews signed a three-year extension with the Ravens during the 2025 season, locking him into the team for the foreseeable future. With Isaiah Likely out of town, Andrews should be able to gain TE1 value in the short term. Note that 2026 will be his age-31 season.",20
100,,Denzel Boston,WR,1.10,11,22.7,110,381,633,1177,"Boston sat behind the trio of Rome Odunze, Ja'Lynn Polk, and Jalen McMillan in 2023, but the 6'4, 210-pound WR flashed in 2024. He had his best season this year as an X WR, going 63-834-9 on a Huskies team that prioritized the run. He joins the Browns, paired with first-round pick KC Concepcion. Boston should start immediately outside and could turn into the team's top WR.",20
101,,D.J. Moore,WR,104.04,7,29.3,158,388,608,1027,"Moore was inconsistent under new HC Ben Johnson. He ended the season going 50-682-6, his worst fantasy output since 2018. GM Ryan Poles then traded Moore to the Bills in March. The 29-year-old should see greater target stability in Buffalo alongside Josh Allen. A WR2 season is within reach for 2026.",20
102,,Michael Mayer,TE,133.12,13,25.1,64,261,424,785,"Mayer flashed his talent on a poor Raiders offense when Brock Bowers was injured. There's just not projectable fantasy value here, at least for 2026. Mayer is slated for free agency in 2027.",20
103,,Travis Etienne,RB,118.02,8,27.6,192,363,437,613,"Etienne missed time with a hamstring in 2024 and was outplayed by Tank Bigsby for parts of the season. Come 2025, Etienne watched Bigbsy depart via a September trade. While rookie Bhayshul Tuten replaced Bigsby as a rotational piece, Etienne still delivered the goods in Year 1 under HC Liam Coen (260-1,107-7). The Clemson product landed with the Saints in free agency, giving him a solid OL and an ascending QB in Tyler Shough.",20
104,,Brenton Strange,TE,136.06,7,25.7,112,249,395,686,"Strange replaced Evan Engram with success in HC Liam Coen's offense. A quad injury did sideline him for 6 games, but he finished the year with three top-7 TE performances in his last five games. Strange should be locked in as the TE starter going forward for Coen and the Jaguars, making him a solid young TE to roster at only 25 years old.",20
105,,Dallas Goedert,TE,105.02,10,31.6,115,254,392,649,"Goedert had a TD-heavy 2025 going 60-591-11. The Eagles schemed up red zone touches for him to score as much as he did, but that may not happen in the future. Goedert is set to be a free agent in 2026, but he is unlikely to find a better situation than the Eagles. He will be 31 heading into the 2026 season and may have peaked in terms of his fantasy output.",20
106,,Elijah Arroyo,TE,155.11,11,23.3,53,248,426,798,"Arroyo had a few flashes in his rookie season, but he was never able to rise past A.J. Barner on the depth chart. Arroyo finished the season at 15-179-1, missing the last few games with a knee injury. Still, at only 23, his athletic upside makes him a dynasty hold.",20
107,,Tua Tagovailoa,QB,112.06,11,28.4,295,1017,1601,2694,"Tua was benched late in the 2025 season, extending a downward trend that began in 2024. Landing with the Falcons allows him a shot at making 2026 starts, especially with Michael Penix Jr. rehabbing an ACL tear. Still, we're unenthusiastic about Tua's dynasty outlook.",20
108,,Oronde Gadsden II,TE,159.08,7,23.2,70,241,410,763,"Gadsden flashed elite fantasy potential early in the season, but it ended with a whimper. Overall, his 47-641-3 stat line is solid for a Round 5 pick who wasn't even active until late September. Los Angeles added TE Charlie Kolar in free agency, but he's expected to be a main contributor in the run game.",20
109,,Mike Evans,WR,97.03,8,33,167,400,588,937,"Evans battled injuries in 2025 and lost his 1,000-yard receiving streak. He will turn 33 before next season, so Evans' career is certainly on the downside. That said, he landed in a fine spot for short-term production with the 49ers. They lost 101 targets via offseason departures.",19
110,,Courtland Sutton,WR,104.02,10,30.8,150,387,605,997,"Sutton ended 2025 as the WR22 in PPR points per game, benefiting from a high-volume passing attack. He remains locked into the X role for HC Sean Payton, especially after signing a new deal that keeps him with the Broncos through 2029. At 31 in October, however, Sutton's likely closer to a decline than he is to his peak. Jaylen Waddle also arrived in an offseason deal, a move that figures to lower Sutton's target volume.",19
111,,Hunter Henry,TE,99.08,11,31.7,109,248,382,633,"Henry went 55-712-7 during the 2025 fantasy season, living on his ability to score TDs. He turns 32 during a contract season in 2026 but remains a short-term streamer.",19
112,,Alec Pierce,WR,126.10,13,26.3,131,383,607,1036,"Pierce had his best season in 2025, going for 47-1003-6. He continued to produce even when Daniel Jones went down with an injury. Somewhat surprisingly, he returned to the Colts on a 4-year deal that includes a stunning $84 million in total guarantees. Michael Pittman's departure sets up Pierce for a larger role.",19
113,,Michael Wilson,WR,132.11,14,26.5,130,384,609,1038,"Wilson had a marvelous late-season surge when Marvin Harrison Jr. went down and Jacoby Brissett started at QB. He ended 2025 at WR10 in PPR, going 78-1006-7. We're not doubting the talent here. But the issue is the outlook for Wilson when this offense is healthy. He's also entering a contract season.",19
114,,Travis Kelce,TE,96.12,5,36.8,127,256,355,572,"With the Chiefs' offense taking a step back in 2005, Kelce felt the sting. He finished with 73-839-5 on his fantasy season, his lowest reception total since 2015. In March, we learned that he'd return for his 14th season in Kansas City. He's now year-to-year, making him a shaky dynasty asset.",19
115,,AJ Barner,TE,142.03,11,24.3,90,237,383,687,"Barner played ahead of rookie Elijah Arroyo in 2025, but the young athlete may pass Barner sooner rather than later. Barner, only 24, should still remain on dynasty rosters while this situation plays out under new OC Brian Fleury.",19
116,,Gunnar Helm,TE,155.10,9,23.9,81,241,391,700,"Helm flashed at times during his rookie season, though he still sat behind Chig Okonkwo for most of the year. With Okonkwo leaving in free agency, Helm looked to be in a nice spot for spot-start fantasy value in 2026. That still may be the case, but Tennessee added former Giants TE Daniel Bellinger in free agency on a three-year deal with $14 million guaranteed.",19
117,,Daniel Jones,QB,109.01,13,29.3,382,900,1473,2855,"Jones' 2023 was derailed by a mid-season ACL tear. Back healthy for a make-or-break 2024, Jones again struggled to prove he's a long-term answer. Then, in a stunning turn, Jones assembled an excellent run in 2025. In 13 games, he racked up 3,101 yards, 19 TDs, 8 INTs, and a 68% completion rate. A torn right Achilles complicates his '26 outlook, but we at least know he'll return to Indy after inking a two-year deal in March.",19
118,,Xavier Worthy,WR,143.02,5,23.3,139,354,590,1096,"The sophomore slump hit Worthy hard in 2025. All of his numbers dropped significantly, and once Rashee Rice debuted in Week 7, Worthy failed to score a TD and was held under double-digit PPR points in eight of his final 10 outings. Additionally, QB Patrick Mahomes tore his ACL, and the Chiefs have several pending free agents in their offense. Worthy looks like a good bet to be one of Kansas City's top two WRs next season, but his immediate value is somewhat clouded by all the question marks surrounding the Chiefs.",19
119,,De'Zhaun Stribling,WR,2.03,8,23.7,113,369,610,1092,"Stribling broke out at Washington State before joining Ole Miss in 2025. He went 55-811-6 in the SEC showcasing great hands and after catch ability. Stribling was overdrafted as an early Round 2 pick by the 49ers, but he does offer a vertical element for the team. He could be the No. 3 WR on the 49ers as a rookie.",19
120,,Chigoziem Okonkwo,TE,128.07,7,26.9,99,239,370,637,"Okonkwo posted five top-12 fantasy finishes in 2025, his final year in Tennessee. He set career highs in targets (79), catches (56) and yards (560) but remained an underwhelming TD producer (2). He also played all 17 games for the fourth straight season. In Washington, he'll have a chance to boost production for an offense that's moving on from Zach Ertz.",19
121,,Pat Freiermuth,TE,117.07,9,27.8,88,233,373,672,"Freiermuth had an uneven year in 2025 while sharing snaps and targets with Darnell Washington and Jonnu Smith. Freiermuth ended with 38-435-4, good for TE26 in fantasy points per game. There's some hope for a bounce back, as Jonnu Smith left via free agency. Pittsburgh's pass volume should also tick up under new HC Mike McCarthy.",19
122,,Dalton Schultz,TE,105.09,8,30.1,104,238,370,565,"Schultz had one of his best years in 2026, going 78-704-3 during the fantasy season. He posted the most targets of his career at 106. Schultz is locked into the Texans and QB C.J. Stroud for one more season. He should be a suitable low-end TE1 for 2026, but the future is cloudy beyond that.",18
123,,Travis Hunter,WR,156.03,7,23.3,238,309,524,1022,"Just when Hunter finally had his breakout game (8/101/1) against the Rams, he suffered a knee injury in practice that ultimately ended his rookie campaign. That Week 7 game was his only performance with double-digit fantasy points. 37% of Hunter's snaps came as a CB, which will always be a concern. Additionally, the Jaguars traded for (and extended) Jakboi Meyers and also have Brian Thomas Jr. to syphon targets away from Hunter. Volume, usage, and now, injury, are all concerns for Hunter, making him a risk/reward WR3 in his second season.",18
124,,Bhayshul Tuten,RB,152.11,7,24.5,171,284,440,762,"Tuten carried the Virginia Tech offense for two years after transferring from North Carolina A&T. He showed excellent speed and vision while adding return value. He posted elite numbers at the NFL Combine as the fastest RB in the 40-yard dash, running a 4.32. He also had the best Vertical (40.5""). We saw his burst appear as a rookie, although he never overtook Travis Etienne as the lead back. There's a chance for a larger role in 2026 with Etienne in New Orleans, but the Jags may opt for a committee with Chris Rodriguez and LeQuint Allen.",18
125,,Davante Adams,WR,97.09,11,33.7,176,389,537,883,"Adams had a marvelous 2025 before going down with a hamstring injury. He sat WR9 in PPR points per game and scored 14 TDs in only 14 games. Adams is signed through 2026 and will run it back with Matthew Stafford for another year. The veteran wideout should help contending teams, but he's certainly nearing the end of his career at 34 (in December).",18
126,,Matthew Golden,WR,158.09,11,23.1,125,347,578,1110,"Golden had a disappointing rookie season as a first-round WR, finishing 2025 as WR113 in PPR points per game (5.0). Golden couldn't really crack a deep WR group but will get another opportunity in 2026, especially with Romeo Doubs in New England. The second-year pro turns just 23 before next season.",18
127,,Cade Otton,TE,128.01,10,27.3,92,224,347,598,"Otton finished at TE29 in PPR points per game last season. The team showed they valued him with a new three-year deal worth $20 million guaranteed, but that doesn't bolster his fantasy prospects. The 27-year-old remains a low-ceiling dynasty asset.",18
128,,Michael Pittman Jr.,WR,114.02,9,28.8,143,357,572,987,"Pittman matched 2024's 111 targets but was much more productive in '25, snagging 11 more passes and scoring four more TDs. But he fell off down the stretch with QB Philip Rivers under center. In Indianapolis' final four games, Pittman averaged just 7.3 PPR points per game, third among the Colts' WRs. The offseason brought a trade to Pittsburgh, where he'll likely be the No. 2 option alongside DK Metcalf. It's a low-upside spot for immediate fantasy value, and the lack of a long-term answer at QB adds uncertainty.",18
129,,David Montgomery,RB,107.10,8,29.2,177,280,420,705,"Montgomery's rushing yardage (716), TD output (8), and catch total (24) regressed in 2025. This, despite appearing in 17 games for the first time in his career. Ultimately, Montgomery's best fantasy days are behind him. He's signed through 2027.",18
130,,T.J. Hockenson,TE,108.12,6,29.1,101,223,347,558,"Hockenson's best days are behind him as he heads into his age-29 season. The Vikings at least added talent at QB, signing Kyler Murray after enduring a brutal 2025 under J.J. McCarthy.",18
131,,D'Andre Swift,RB,112.01,10,27.6,192,323,398,545,"Swift's 2023 in Philly proved inconsistent, but he ultimately set career highs in touches and yardage. Chicago provided a fine free agent spot for volume, but a poorly orchestrated offense and a weak O-line limited the fantasy impact. The offensive infrastructure changed alongside new HC Ben Johnson in 2025. As a result, Swift rebounded to finish as the PPR RB14, despite the emergence of Kyle Monangai. The veteran is under contract for one more season.",18
132,,Theo Johnson,TE,142.04,8,25.5,43,233,371,644,"Johnson was a surprise in 2025, scoring 5 TDs in his first 9 games of the season. He eventually cooled off, hurt by missed time from Jaxson Dart. But the real issue here is the arrival of TE Isaiah Likely, who joins new HC John Harbaugh from Baltimore. While Johnson remains intriguing from an athleticism perspective, his short-term target outlook takes a hit.",18
133,,Quentin Johnston,WR,131.10,7,24.9,147,338,554,1035,"Johnston proved 2024 wasn't a fluke. He matched his eight TDs and set career-best marks in receiving yards (735) and PPR points per game (12.4). He did so despite ranking just 41st league-wide in target share (19%). We'll see how he fits in new OC Mike McDaniels' offense, but there's room for an expanded role with Keenan Allen likely moving on.",17
134,,David Njoku,TE,101.12,7,30.1,59,223,374,577,"Njoku split time early in the season with rookie Harold Fannin Jr., but the writing was on the wall in the final year of his contract. Njoku eventually slotted behind Fannin and finished the season with 33-293-4. He enters his age-30 season looking for a new team.",17
135,,Omar Cooper Jr.,WR,1.09,13,22.7,97,347,576,1120,"Cooper led Indiana in receiving in 2025, posting a 64-866-13 line. His body control and strong hands made him a go-to option for Heisman QB Fernando Mendoza, especially in the red zone. He pairs that reliability with strong competitiveness and run-after-catch ability. The Jets traded up to select him 30th overall, making him the WR5 in this class. But the situation adds risk. Garrett Wilson remains locked in as the top target, and the Jets drafted athletic TE Kenyon Sadiq earlier in Round 1. The QB position also lacks a long-term answer.",17
136,,Kyle Monangai,RB,153.02,10,24.4,129,283,437,767,"Monangai posted two straight 1,200+ rushing yard seasons for a Rutgers offense that worked through him. His college tape showed a tough runner with a low pad level who works well through contact. Has also flashed on some outside runs. Those traits appeared with the Bears, as he quickly entered a timeshare with D'Andre Swift. Monangai looks poised to retain a rotational role for a young, high-upside offense in 2026.",17
137,,Chris Bell,WR,2.05,6,22.2,75,350,592,1139,"Bell has been at Louisville his entire career and has shown improvement every season over his four years. He is a hefty 220 pounds and can box out defenders to make contested catches. He went 72-917-6 last season, including a dominant 9-136-2 game against Miami. Bell snuck into Day 2, though the Dolphins drafted Caleb Douglas before him. Even so, Bell has more fantasy upside than Douglas.",17
138,,Blake Corum,RB,140.09,11,25.8,135,301,446,655,"Corum's rookie year came and went without much fanfare, as Kyren Williams remained a workhorse. Corum also suffered a broken forearm in January of 2025. The good news is that he earned a rotational role last fall, leading to a 145-746-6 rushing line. We expect a similar role in '26.",17
139,,Jordan Mason,RB,130.05,6,27.3,151,295,437,642,"Mason recorded 4.8 YPC on 159 attempts as a first-year Viking. He was a non-factor in the passing game (14 catches, 51 yards). Mason appears in line to start for the Vikings in 2026.",17
140,,Jonathon Brooks,RB,140.06,5,23.1,148,284,443,673,"With Bijan Robinson in the pros, Brooks’ time to shine arrived in 2023. And he did, ranking top-10 nationally in yards after contact per attempt and Pro Football Focus’ elusive rating. He proved explosive as a pass-catcher, too. Just one problem: Brooks’ season ended with a November ACL tear. Then, in December of 2024, Brooks tore the same ACL again. He missed the entire 2025 season but is expected to be ready for training camp. He'll compete for touches alongside Chuba Hubbard.",17
141,,Jacory Croskey-Merritt,RB,166.08,7,25.3,148,276,423,713,"A dispute over eligibility limited Croskey-Merritt to only one game in 2024. But he flashed NFL potential in 2023 at New Mexico with 189-1,190-17. Sure enough, he showed it as a rookie. With Brian Robinson and Austin Ekeler out, JCM tallied 805 yards and 8 TDs on 175 attempts. Despite some bright moments, we expect Washington to add a backfield piece this offseason.",17
142,,Rhamondre Stevenson,RB,118.08,11,28.5,172,280,436,591,"Stevenson was held back by a poor O-line and fumbles in 2024. Then in 2025, his workload predictably dipped following the arrival of TreVeyon Henderson. However, the veteran still posted the second-best PPR points per game tally of his career (12.9). Stevenson is under contract for three more seasons.",17
143,,Max Klare,TE,3.12,11,23.1,39,203,346,643,"Klare broke out at Purdue in 2024 with 51-685-4. He took a step back on the Buckeyes last year at 43-448-2, but he showed improved blocking and good route running to be a shallow target. He did have some drops and mental lapses, but Klare can be a Jake Ferguson-type TE. He will split time with Terrance Ferguson, but the rest of the Rams TEs are set to become FAs within the next two years.",17
144,,Romeo Doubs,WR,126.11,11,26.3,135,338,545,993,"Doubs continued his high snap counts as a starter in 2025, but the depth of the Packers' pass catchers limited the ceiling. Doubs posted 55-724-6, enough to make him a spot-start WR3/Flex. New England paid up for him in free agency: a 4-year deal with $39 million in total guarantees. He should be the target leader for Drake Maye in 2026.",17
145,,Ja'Kobi Lane,WR,2.11,13,22,84,338,566,1121,"Lane took a back seat to teammate Makai Lemon, but don't overlook the production here. He went 49-745-4 in 2025, following up a 12 TD season in 2024. The 6'4, 195-pound WR explodes off the line and uses his length to beat the press. Lane got Day 2 draft capital with a new Ravens coaching staff. They also drafted Elijah Sarratt though. There is an opening for Lane to emerge as a starter for the Ravens.",17
146,,Jayden Reed,WR,132.10,11,26.3,152,344,543,925,"Reed only played seven games in 2025 due to multiple injuries, so he never broke out for a deep WR group. When active, he tallied only two top-36 fantasy finishes. 2026 turns up a contract season -- and a thinned-out WR corps following the departure of Romeo Doubs.",16
147,,Eli Raridon,TE,3.10,11,22.5,42,184,338,657,Raridon stands to be a two-way TE at the next level with solid blocking skills showing development as a pass catcher as well. Hunter Henry is getting older and Raridon's Day 2 draft capital could make him the heir apparent. He offers intriguing upside if you can stash him for a bit.,16
148,,Jakobi Meyers,WR,111.02,7,29.8,139,363,550,831,"Meyers moved from the Raiders to the Jaguars at the 2025 trade deadline, and he instantly excelled in HC Liam Coen's offense. Meyers' success led to the team signing him to a 3-year, $60 million contract extension. We'll see how the team deploys Travis Hunter, but Meyers' deal and production say he's a strong contender to lead this unit in 2026.",16
149,,Khalil Shakir,WR,126.08,7,26.5,130,334,540,983,"Shakir ended last season as WR35 in PPR, with the Bills' inconsistent passing attack hurting his overall output. He's signed through 2029 and should be locked into the slot role moving forward. The issue is that his ceiling took a hit this offseason with the arrival of D.J. Moore. Based on his contract, the former Bear is likely to stick in Buffalo for at least two seasons.",16
150,,Greg Dulcich,TE,127.07,6,26.4,79,192,303,525,"After a bit of a 2025 revival (26-335-1 in nine games), Dulcich signed a fresh one-year deal in Miami. The Fins figure to roll out a low-volume passing game, but Dulcich could be a starting TE, depending on their other offseason additions.",16
151,,Rashid Shaheed,WR,130.10,11,28,129,335,536,952,"Shaheed wasn't a fantasy option after arriving via a mid-season trade. Including the postseason, he topped two catches in only two of 12 games. Seattle showed their faith in him with a new contract: 3 years, $51 million, and nearly $35 million guaranteed. He projects as a volatile WR4 alongside a target hog in Jaxon Smith-Njigba.",16
152,,Germie Bernard,WR,2.04,9,22.7,83,337,560,1071,"Bernard followed HC Kalen DeBoer from Washington to Alabama. He had his best season in 2025 at 64-862-7. Bernard has good size and hands as a savvy route runner who works in the slot and outside. He may not have No. 1 WR upside, but Bernard will likely play the slot role for the Steelers. He has a low ceiling, but a high floor.",16
153,,Ty Simpson,QB,2.01,11,23.7,41,926,1566,3024,"Simpson threw for 3,567 yards with 28 TDs and 5 INTs at Alabama this past season. He shows solid pocket feel and enough mobility to extend plays, but his inexperience pops up when he holds the ball too long. The Rams made him a surprise pick at No. 13 overall, signaling belief in his long-term upside. Short term, though, this is Matthew Stafford’s job. Simpson’s path to the field hinges on Stafford’s health and timeline.",16
154,,Oscar Delp,TE,4.03,8,23,35,192,327,607,"Delp is an H-Back who continues in the line of great Georgia TEs. He went 20-261-1 and was used as a lead blocker often throughout the season. That blocking may get him drafted higher than his production indicates, but Delp's soft hands could be enough to become a better pro than college player. Delp could develop into the starting TE for the Saints. The team has a potential out for Juwan Johnson after this year.",16
155,,Pat Bryant,WR,155.01,10,23.7,91,331,566,1030,"Bryant's snap share picked up as his rookie season wore on. Still, he topped 50 yards only once for an offense that lacked a consistent presence behind Courtland Sutton. Bryant's breakout path is blocked by the addition of Jaylen Waddle, who's signed through the 2028 season.",16
156,,Evan Engram,TE,101.11,10,31.9,75,201,298,481,"Engram had high hopes for 2025, but he fell short of expectations (50-461-1). He now heads into his age-32 season in an offense that's suddenly stacked at WR. We're not banking on a 2026 rebound here.",16
157,,Antonio Williams,WR,2.10,7,22.1,50,338,566,1121,"Williams looked like a top WR after he led Clemson in receiving as a true freshman in 2022. But lower body injuries in 2023 derailed him before a 74-904-11 season in 2024. Clemson's weak pass offense hurt Williams in 2025, but he is a versatile WR with good route running and hands. He also lands on a weak Commanders depth chart where Williams can ascend to becoming their No. 2 WR.",16
158,,Jaylen Warren,RB,130.06,9,27.8,156,279,404,563,"Najee Harris departed in free agency last spring. But Warren was far from a workhorse after free agent addition Kenneth Gainwell took on a larger-than-expected role. Warren still proved useful with a PPR RB18 finish in 16 games. Gainwell left in free agency, but the Steelers confirmed that they don't want Warren in a workhorse role by signing Rico Dowdle.",15
159,,Chris Godwin,WR,102.03,10,30.5,134,346,535,870,"Godwin suffered a dislocated ankle that cost him most of the 2024 season. He returned a few weeks into the 2025 season but finished WR54 in PPR points per game. Godwin, now 30, should have a larger role in 2026 with Mike Evans in San Francisco.",15
160,,Shedeur Sanders,QB,151.12,11,24.5,273,836,1414,2730,"Sanders generally underwhelmed across seven late-season starts. The rookie notched a 56.6% completion rate, 6.6 yards per attempt, and a 19.0 QBR. He recorded only one QB1 fantasy finish. Of course, Sanders wasn't surrounded by top talent. Now, we'll see how he's judged by a new coaching staff.",15
161,,Tony Pollard,RB,109.11,9,29.3,150,286,418,534,"Pollard earned the franchise tag in March of '23, then watched Dallas release veteran Zeke Elliott. Still, coming off a January fibula fracture, Pollard took a major step back. Pollard rebounded in 2024, outplaying Tyjae Spears and playing through injuries to post his third straight 1,000-yard season. Pollard closed the '25 season strong but struggled with consistency on a bottom-five offense. 2026 turns up a contract year.",15
162,,Josh Jacobs,RB,107.11,11,28.5,122,305,430,516,"Injuries impacted Jacobs' effectiveness in 2025, but he still posted back-end RB1 numbers with 16.1 PPR points per game. He'll play next year at 27 -- and with a sizable 1,840 career carries. He's signed through the 2027 season.",15
163,,Jaylin Noel,WR,155.02,8,23.9,120,309,524,1002,"Noel flashed as a rookie when allowed to play in the slot. He went 26-292-2 in a part-time role. The Texans will likely move forward with Noel as the slot WR in 2026, but questions about C.J. Stroud -- plus the presence of Nico Collins and Jayden Higgins -- cloud the upside.",15
164,,Colby Parkinson,TE,115.10,11,27.6,76,180,280,471,"In 2025, Parkinson had a strong second half as a red zone target for Matthew Stafford. But the TE will be in a crowded situation next season as he competes with Terrance Ferguson for playing time. Parkinson is under contract for one more season.",15
165,,Mike Gesicki,TE,105.05,6,30.8,76,191,287,416,"Gesicki returned as the Bengals' starting TE in 2025, but an injury to Joe Burrow and a step back for the offense made him unstartable for most of the year. With the bevy of weapons on the Bengals, Gesicki will remain a spot-starter in the short term.",15
166,,Darnell Washington,TE,134.03,9,25,73,175,278,483,"Despite playing with Pat Freiermuth and Jonnu Smith, Washington emerged as a versatile weapon with his size and after-catch ability. Washington later broke his arm and ended up on IR, but he'll return in 2026 and could earn more work for new HC Mike McCarthy.",15
167,,Justin Joly,TE,4.07,6,22.1,22,181,309,574,"Joly has been a consistent producer, with three straight seasons over 480 yards receiving. He continued thriving after transferring up from UConn to NC State. Joly fell to Day 3, but he has the ability to play HC Sean Payton's ""Joker"" role on the team after Evan Engram leaves. He has intriguing receiving upside.",15
168,,Zach Charbonnet,RB,133.05,11,25.6,111,299,426,544,"Seattle made Charbonnet a surprising Round 2 pick, and his usage was predictably limited alongside Kenneth Walker in 2023. A 2024 breakout never truly came, although he showed workhorse potential in games missed by Walker. OC Klink Kubiak favored Charbonnet at the goal line in 2025, leading to a huge 12 rushing scores. A roadblock hit in the playoffs, as he suffered an ACL tear on January 18. His short-term value not only depends on his rehab trajectory but also on the moves Seattle makes in the backfield. So far, they've only added former Packer Emanuel Wilson.",15
169,,Chuba Hubbard,RB,118.10,5,27.2,124,285,413,576,"Hubbard set career highs with 250 carries, 1,195 yards, and 10 TDs in 2024. Carolina rewarded him with a contract extension that November, but 2025 wasn't as fantasy-friendly. New Panther Rico Dowdle became a major backfield piece, limiting Hubbard to an RB38 PPR finish. Just note: Dowdle left for Pittsburgh in free agency. We'll see if Carolina adds another RB to join Hubbard and former Round 2 pick Jonathon Brooks.",15
170,,Caleb Douglas,WR,3.09,6,22.9,85,320,542,1023,"Douglas is a reliable possession WR at 6'4, 205 pounds. He went 54-846-7 last year at Texas Tech as a reliable option in the medium to deep range. His big extension allows for contested catches despite Douglas not having the athleticism to get much separation. Douglas was overdrafted on Day 2, but the WR depth chart is wide open to make an impact on the Dolphins.",15
171,,Emmett Johnson,RB,2.07,5,22.8,62,294,463,651,"Johnson was a 2026 surprise. He ran for 1,451 yards and 12 TDs, averaging 5.78 yards per carry. He has also caught 85 passes over the last two years. Johnson can be a PPR difference maker with his pass-catching and shiftiness in the open field. Johnson could make the Chiefs roster and eventually run as a complement to Kenneth Walker.",15
172,,Michael Penix Jr.,QB,140.02,11,26.3,308,842,1370,2523,"Penix dealt with four season-ending injuries during his time at Indiana (two shoulder injuries and two ACL tears). Healthy at Washington over his final two college seasons, Penix displayed effortless arm strength and excellent decision-making. As a rookie, he displayed a downfield, attacking style in a brief late-season sample. But his 2025 ended with a mid-season ACL tear. While Penix may remain Atlanta's starter in 2026, he's yet to establish himself as the long-term answer.",15
173,,Jalen McMillan,WR,143.07,10,24.7,114,319,534,936,"McMillan missed most of 2025 with a neck injury, but he returned late to post 7-114-0 against the Dolphins. His short-term outlook improved significantly after Mike Evans signed a multi-year deal in San Francisco.",15
174,,Rico Dowdle,RB,123.04,9,28.2,155,261,409,541,"Dowdle posted a breakout 235-1,079-2 line with Dallas in 2024. He added 39 catches. That momentum continued with Carolina in 2025. Dowdle posted another 1,000-yard season while outplaying Chuba Hubbard for stretches. That work garnered attention from Pittsburgh, which signed him to a two-year deal in March. He'll enter a rotational role with Jaylen Warren in the short term.",15
175,,MarShawn Lloyd,RB,141.01,11,25.6,144,267,395,582,"Lloyd’s college career began at South Carolina with a 2020 ACL tear. A quiet two-year stretch followed – then a move to USC. In 2023, he handled a 1A role alongside fifth-year senior Austin Jones (116 carries to 85). Lloyd displayed plus vision, acceleration, and open-field elusiveness en route to 7.1 yards per carry. Injuries ruined his 2024 and 2025 seasons, but there's some sleeper appeal here if Lloyd can swat the injury bug.",15
176,,Jalen Coker,WR,146.12,5,24.8,110,310,529,963,"A quad injury put Coker on IR to start the 2025 season, but he succeeded when he returned. In 11 games, he went 33-394-3. Coker proved he is an ideal slot WR and played over Xavier Legette upon returning. He also made Adam Thielen expendable. Coker could retain his role going forward and be a fantasy spot-starter.",15
177,,Wan'Dale Robinson,WR,126.05,9,25.6,123,318,511,929,"Robinson excelled after Malik Nabers' season ended early in 2025. Robinson finished WR17 in PPR points per game and had his second straight season with 140 targets. He signed with Tennessee in free agency, reuniting him with former HC Brian Daboll (now the Titans' OC). Don't expect 140 targets, but volume shouldn't be an issue in a wide-open Tennessee WR corps.",14
178,,Marlin Klein,TE,5.08,8,23.9,23,178,288,517,"Klein replaced Colston Loveland at Michigan but dealt with nagging injuries over the course of the season. He is another elite athlete who showcases good blocking and soft hands. Klein will need development, but his Day 2 draft capital could make him the future starter at TE for the Texans. He is worth stashing long term if you have space.",14
179,,Woody Marks,RB,153.04,8,25.7,114,257,394,664,"Marks profiled as the ideal receiving back with over 1,400 career receiving yards in college. He is an average athlete, but ran a ton of routes at both Mississippi State and USC. However, as a rookie, Marks caught only 24 passes in 16 games. His rushing volume spiked to 196 attempts, as Nick Chubb remained underwhelming and Joe Mixon never suited up due to a foot injury. Houston added a veteran upgrade in David Montgomery over the winter, capping Marks' short-term ceiling.",14
180,,Jonah Coleman,RB,1.11,10,23,69,265,422,748,"Coleman scored 17 total TDs this season as the focal point of the Washington offense. He is on the shorter end, but at 220 pounds, Coleman is a punishing rusher with a low pad level. He is also a strong receiver for his size. Coleman didn't test at the Combine, but nobody will mistake him for a burner. The Broncos could end up being a good landing spot if Coleman can outperform second-year RB RJ Harvey.",14
181,,Chris Brazzell II,WR,4.01,5,22.8,0,332,578,1119,Brazzell tore his LCL in training camp and will miss his entire rookie season. That sets Brazzell back from making an NFL impact.,14
182,,Zachariah Branch,WR,2.06,11,22.4,121,294,498,989,"Branch is an intriguing prospect. The former five-star recruit is a jack-of-all-trades at 5'10, 180 pounds. He flashed at USC but transferred to Georgia to have his best season yet. Branch went 81-811-6 for the Dawgs. He also is one of the best returners in the country. Branch lands on a weak Falcons depth chart where he will serve as an offensive weapon immediately.",14
183,,RJ Harvey,RB,153.01,10,25.5,125,294,376,501,"Harvey was a surprise second-round pick, but two straight years of 1,400 rushing yards and good receiving skills made him a fit for HC Sean Payton’s offense. His workload increased after J.K. Dobbins sustained a mid-season injury, and the rookie showed well with 12 total scores. Long-term, we don't expect Harvey to become a workhorse. In the short term, he figures to remain in a split backfield alongside Dobbins.",14
184,,Mason Taylor,TE,155.07,13,22.3,49,145,263,519,"Taylor saw playing time in his rookie season as the de facto starter for the Jets, although he only mustered 44-369-1. Neck and ankle injuries caused miss games during the season, but his playing time stayed high. While Geno Smith arrived to improve the QB spot, this passing game still profiles as a bottom-five unit.",14
185,,Ricky Pearsall,WR,143.04,8,25.9,0,355,571,1040,"Injuries derailed Pearsall again in his second season. Having only played 20 of a possible 34 games in two seasons, Pearsall's inability to get on the field remains the biggest concern. When healthy, Pearsall showed promise, topping 85 yards and 13 PPR points in four of nine starts. However, he was also held to fewer than five PPR points in three. If he can ever get -- and stay -- healthy, Pearsall has dynamic WR2 potential. But until he plays a full season, Perasall remains a risk/reward dynasty target.",14
186,,Josh Downs,WR,132.01,13,25,138,291,497,905,"Downs flashed again in 2025, but being stuck in the slot role continued to limit his ceiling. Downs ended the season going 58-566-4 with his best games coming with Daniel Jones at QB. With Jones back in Indy and Michael Pittman in Pittsburgh, Downs should have a chance to play in more 2-WR sets. This fall turns up a contract season.",14
187,,Kenneth Gainwell,RB,118.06,10,27.4,115,257,407,592,"Gainwell was lightly used behind Saquon Barkley in 2024. The former Eagle then joined a Pittsburgh squad that watched Najee Harris sign with the Chargers. Surprisingly, Gainwell went on to pace the Steelers with a stunning 73 catches. Now, he'll push Bucky Irving for snaps and touches after signing a two-year deal in March.",14
188,,Charlie Kolar,TE,125.08,7,27.5,75,151,241,441,"Kolar was a productive, multi-year starter at Iowa State. But he played behind Isaiah Likely and Mark Andrews for four seasons in Baltimore, catching only 30 passes. He signed a three-year deal with the Chargers in free agency, one that includes $17 million in guaranteed money. Still, he figures to contribute heavily in the blocking game for OC Mike McDaniel.",14
189,,Braelon Allen,RB,141.03,13,22.6,63,263,422,721,"Allen’s size jumps off the tape: 6’2, 235 pounds. He averaged a robust 3.66 yards after contact per attempt for his college career, plus 5.9 yards per carry and 35 rushing scores. However, Allen didn’t show much as a pass-catcher. One silver lining: The former four-star prospect is still only 22 following a quiet 2024 and a 2025 lost to a knee injury.",14
190,,Nate Boerkircher,TE,7.07,7,24.9,32,167,265,461,"Boerkircher is one of the best blocking TEs in the draft, but he boasts an excellent catch radius and range in the red zone. After spending four years as a back-up at Nebraska, he became the top TE for Texas A&M in 2025. Despite only having 19 catches, he did score 3 TDs. Boerkircher's Round 2 draft capital was surprising, but he does everything pretty well (and nothing great). He likely sticks as the Jaguars No. 2 TE, even if Brenton Strange enters free agency after this season.",14
191,,Tanner Koziol,TE,6.04,7,23.6,24,159,271,504,"Koziol went 94-839-8 in 2024 with Ball State before transferring to Houston. His 74-727-6 showcases Koziol's pass-catching prowess. His massive wingspan makes him a mismatch at 6'7, 250 pounds. Koziol fell to Day 3 of the NFL Draft, but he offers more receiving upside than Nate Boerkircher (who was drafted ahead of him). It may be worth betting on Koziol to become the pass catcher if Brenton Strange becomes a free agent after this season.",14
192,,Elijah Sarratt,WR,2.09,13,23.3,48,316,535,1025,"Sarratt flashed in 2024 going 53-957-8. He missed a few games due to a hamstring injury, but he did score 13 TDs in 2025 with Fernando Mendoza at QB. Sarratt has high-end size at 6'2, 213 pounds. His high pointing is among the best in the class. The Ravens drafted WR Ja'Kobi Lane over Sarratt, but they will likely compete for targets as rookies.",14
193,,Jack Endries,TE,6.03,6,22.4,16,147,269,524,"Endries transferred from Cal to Texas to replace Gunnar Helm and had a connection with QB Arch Manning. He went 33-346-3. He is a good route runner who can play in-line or in the slot. Endries will have a battle to even make the Bengals roster, but his intriguing receiving upside makes him a stash in very deep dynasty leagues.",14
194,,Darren Waller,TE,108.06,5,33.9,65,161,231,374,"Waller returned from retirement in 2025 and offered the Dolphins a red zone target. Turning 34 early next season, there's a chance he heads back to retirement.",13
195,,Cole Kmet,TE,112.07,10,27.4,46,164,247,401,"Kmet started strong in 2025, but he fell behind rookie Colston Loveland by the end of the season. Even with D.J. Moore in Buffalo, Kmet's targets figure to remain limited going forward.",13
196,,Tre Harris,WR,154.02,7,24.5,85,313,518,929,"Harris struggled to crack the lineup early in his rookie season with Ladd McConkey, Keenan Allen, and Quentin Johnston in front of him. Harris' usage at least increased late in the year, while Allen's departure sets the stage for most consistent usage. Allen leaves behind 122 targets.",13
197,,Noah Fant,TE,108.03,8,28.8,42,157,244,411,"In 2025, Fant flashed a bit but played behind Mike Gesicki when Gesicki was healthy. Then in March, he signed a two-year deal with New Orleans, where he'll compete for snaps alongside Juwan Johnson.",13
198,,Ja'Tavion Sanders,TE,142.01,5,23.4,30,152,245,432,"Sanders ended as TE47 in PPR points per game in 2025, a disappointing season. A poor Panthers' passing game hurt Sanders' output, but at only 23, there's still a chance of him developing into a useful fantasy piece. Carolina remains thin at TE ahead of the NFL Draft.",13
199,,Sam Roush,TE,6.12,10,22.9,27,147,250,465,"Roush has improved every season, topping out at 49-545-2 in 2025 for Stanford. At 6'5, 260 pounds, he brings excellent size and blocking ability, but there's also some red zone upside here. Roush will be the No. 2 TE on the Bears, eventually. His Day 2 draft capital means the Bears will likely stick to primarily 12 personnel moving forward.",13
200,,Tre Tucker,WR,136.07,13,25.4,140,292,469,853,"Tucker broke out in his third season going 57-696-5. Tucker's 2025 was an improvement in catches, yardage and TDs from 2024. His deep speed made him a downfield option working from the slot. He will have to fend off WRs like Jack Bech and possibly new additions in 2026, but Tucker is a young dynasty stash.",13
201,,Dallen Bentley,TE,13.09,10,25.7,11,135,248,482,"Bentley earned the starting job at Utah, going 48-620-6 this past season. A solid blocker with soft hands, he lacks starting TE upside but could contribute as a No. 2 TE. He will be a blocking reserve at best for the Broncos.",13
202,,Tyjae Spears,RB,133.10,9,25.2,118,231,362,613,"Spears looked like a 2024 breakout candidate...until Tennessee signed Tony Pollard, who held lead-back duties. That trend continued in '25, although Spears held a clear pass-catching role with 45 catches. 2026 turns up a contract season.",13
203,,J.K. Dobbins,RB,112.03,10,27.7,152,224,333,559,"2024 marked Dobbins’ return from an Achilles tear. He slowed down after a hot start, ultimately missing four games with an MCL sprain. In Denver, the 26-year-old landed in a fine spot for 2025 opportunity. But he suffered a notable injury again, this time a Lisfranc injury that required surgery. He signed a new deal with the Broncos in March, but durability concerns remain.",13
204,,Daniel Bellinger,TE,128.02,9,25.9,37,144,229,397,"Bellinger posted a quiet 19-286-2 line in 2025. But he signed a notable three-year deal worth $14 million guaranteed in March, reuniting him with his former HC, Brian Daboll. Bellinger will push second-year TE Gunnar Helm for playing time.",13
205,,Matthew Hibner,TE,5.06,13,24.4,20,146,235,422,"Hibner's size and quick feet make him a great blocking TE and a reliable red zone option. He went 31-436-4 at SMU last year and worked more downfield as the season went on. Hibner could make the Ravens' roster as their No. 2 TE, but he will mostly be an in-line blocker.",13
206,,Troy Franklin,WR,139.12,10,23.5,60,299,506,968,"Franklin enjoyed a mini breakout in 2025. He tallied 65-709-6 for a high-volume passing game led by Bo Nix. Unfortunately, that momentum was halted after the March trade for Jaylen Waddle. Now, Franklin will battle Pat Bryant for the No. 3 WR role.",12
207,,Ted Hurst,WR,3.03,10,22.1,54,298,508,989,"Hurst has two straight seasons of 960+ receiving yards and 6+ TDs after transferring to Georgia State from Valdosta State. He is a tall, rangy WR whose good hands made him a reliable target throughout the past two seasons. Hurst could be developed into the heir to Mike Evans as the big downfield X, but it may take time before he is ready to contribute.",12
208,,Mitchell Evans,TE,162.08,5,23.4,31,134,229,425,"Evans had a few shining moments in 2025. However, the lack of a passing game for the Panthers and a TE room full of second-tier options doesn't give Evans much space to emerge.",12
209,,Jake Tonges,TE,168.10,8,27.1,28,141,219,377,"Tonges found success when George Kittle was injured, but there's no value here when the veteran is healthy.",12
210,,Malachi Fields,WR,3.01,8,23,82,285,482,923,"Fields excelled at Virginia with back-to-back 800-yard receiving seasons. He transferred to Notre Dame in 2025, and while he continued to showcase his size and contested ability, the production ultimately dropped. He's also on the older side, hitting 24 before the start of the '26 season. There certainly is an opening for Fields to start for the Giants, but he is unlikely to be a consistent fantasy threat.",12
211,,Brenen Thompson,WR,4.05,7,23.1,44,298,499,968,"Thompson played at Oklahoma and Texas early in his career, but barely saw the field. He made the jump to Mississippi State in 2025 and produced, going 57-1054-6 on the season. Thompson is a big play threat who could challenge to be the fastest WR at the NFL Combine this year. Thompson is pretty blocked on the Chargers depth chart, but he may provide an occasional deep threat.",12
212,,Chris Rodriguez,RB,135.10,7,25.9,99,232,355,599,"Rodriguez gained a short-term value boost after the August trade of Brian Robinson -- and the September Achilles injury to Austin Ekeler. Across 12 games, he notched 500 yards and 6 TDs on 112 attempts. In March, the Jags signed him to a two-year deal with $6.2 million in guarantees. The contract suggests he'll have a chance to carve out a part-time role alongside Bhayshul Tuten.",12
213,,Jayden Higgins,WR,154.07,8,23.7,0,323,533,955,"Higgins only played 54% of Houston's snaps and averaged a paltry 5.4 PPR points per game in his first nine games, but he lived up to his second-round billing in the second half of the season. From Weeks 10-18, Higgins commanded a 17% target share and averaged 9.5 PPR points per game, 25th among all WRs. He's firmly entrenched as Houston's No. 2 WR heading into his sophomore campaign, making him a solid target in dynasty leagues.",12
214,,Kayshon Boutte,WR,134.11,8,24.3,95,278,471,888,"Boutte played a ton of snaps in 2025 and flashed some end zone ability. His 33-551-6 stat line was respectable, but Boutte certainly can be upgraded. If he resumes the same role in 2026, Boutte could. be a spot fantasy starter. If the Patriots add competition, 2025 could have been the peak of Boutte's career.",12
215,,Ryan Flournoy,WR,146.07,14,26.8,83,305,480,829,"An AC Joint sprain to CeeDee Lamb caused Flournoy to get some playing time and take advnatage. He ended 2025 going 40-475-5, but flashed great hands and route running. He should stick on the Cowboys roster and could be among the top three WRs on the team in 2026 and beyond.",12
216,,Bryce Lance,WR,4.09,8,24,48,295,495,936,"Brother of Trey Lance, Bryce posted two straight 1,000-yard seasons and even caught 17 TDs in 2024. At 6'3, 210 pounds, Lance has the size and leaping ability to dominate at the FCS level. He certainly carries his brother's athleticism, but the level of competition brings major questions. Lance lasted until Day 3, but the Saints are a good spot for him to make the roster. He could ascend to the No. 3 WR behind Chris Olave and Jordyn Tyson, and even replace Tyson while the other rookie recovers from a hamstring injury.",12
217,,Stefon Diggs,WR,98.08,7,32.8,135,313,433,709,"Diggs had a resurgence with the Patriots and Drake Maye in 2025, dropping 85-1013-4 in his age-32 season. But he was released by the team over the winter, as his cap figure and pending legal case sparked the move. He joins the Commanders with a legit shot to be the leader in targets for the teams. Diggs is a short term play for a contending team.",11
218,,Zavion Thomas,WR,4.06,10,22.5,70,281,479,933,"Thomas showed promise back in 2023 at Mississippi State before transferring up to LSU. He went 41-488-4, showcasing good deep speed and the ability to beat the press off the snap. Thomas was drafted on Day 2 by the Bears, but he profiles more as a returner. He could also play in the slot if Kalif Raymond gets hurt.",11
219,,Cyrus Allen,WR,3.02,5,23.5,61,287,487,918,"Allen bounced around in college, from Louisiana Tech to Texas A&M to Cincinnati. He led the Bearcats in receiving this past season, going 51-674-13. A shifty slot WR, Allen can create a mismatch with slow-to-react nickel CBs. Allen offers little ceiling, but he will compete with second-year WR Jalen Royals to make the roster.",11
220,,Luke Musgrave,TE,134.01,11,25.9,33,119,193,356,"Musgrave hasn't emerged as a legit fantasy threat, even after Tucker Kraft's ACL tear last season. Musgrave will return to compete for a backup role in 2026.",11
221,,Malik Washington,WR,144.11,6,25.8,103,283,458,853,"Washington got a shot to play when Tyreek Hill went down with an injury. He went 46-317-3 in 2025, earning the slot role. With a new head coach next year, Washington's role is unknown, but he is worth keeping on the roster to see how the offseason goes.",11
222,,Barion Brown,WR,5.05,8,22.7,84,277,469,885,"Brown's best season was his freshman year at Kentucky in 2022. He only had one receiving TD this year for LSU, but his speed should make Brown an all around offensive weapon at the NFL level. Brown likely sticks as a returner, but he could offer a few deep targets for the Saints every now and then.",11
223,,Dawson Knox,TE,109.09,7,29.8,49,121,188,303,"Knox overachieved in 2025, given Dalton Kincaid's injury struggles. The result: 36 catches, 417 yards, and 4 TDs, giving him his best fantasy output since 2022. He can be usable when Kincaid is on the sideline, but Knox won't be a consistent fantasy presence. In March, he agreed to a revised contract to remain with the Bills.",11
224,,Tyler Higbee,TE,100.02,11,33.7,39,129,188,305,Higbee signed a new two-year deal with the Rams in March. A crowded TE depth chart continues to make him an unlikely fantasy factor.,11
225,,Tyler Allgeier,RB,125.01,14,26.3,96,225,353,565,"Allgeier has proven effective as an early-down thumper, but Bijan Robinson capped the fantasy ceiling in Atlanta. While he’s out of Bijan’s shadow in Arizona, the Cardinals will place him in a similar situation after spending the third overall pick on Jeremiyah Love. Allgeier now projects as more of a handcuff than a standalone fantasy option.",11
226,,Jauan Jennings,WR,124.01,6,29.1,96,296,463,782,Jennings seized the opportunity with Brandon Aiyuk out all of last season and Ricky Pearsall dealing with injuries. The veteran finished as the WR34 in PPR points per game. We'll see where he ends up in free agency.,11
227,,Elic Ayomanor,WR,154.01,9,23.2,52,286,485,927,"Ayomanor flashed a bit as a rookie in 2025, despite a down year for the Titans' offense. He went 41-515-4 and took over Calvin Ridley's role after Ridley went on IR. The Titans added Wan'Dale Robinson in free agency, and they may invest an early pick on a WR in the draft.",11
228,,Ben Sinnott,TE,142.05,7,24.2,28,117,189,338,"Sinnott got an opportunity when Zach Ertz went down with an injury in 2025, but he wasn't able to do much with the playing time. Sinnott enters the key third year, but there is no indication that he will carry a sizable role. That's especially true after Washington added Chig Okonkwo on a free agent deal.",11
229,,Jerry Jeudy,WR,114.11,11,27.3,99,300,462,758,"Jeudy struggled to make an impact amidst the terrible Browns' QBs in 2025. He went 50-602-2 in 2025 and didn't look particularly sharp. A new offense (and potentially QB) could help Jeudy get back to contributing for fantasy teams, but the days of him being a top dynasty option are over.",11
230,,Jack Bech,WR,154.12,13,23.7,62,287,478,888,"Bech disappointed as a rookie, especially considering the poor WR depth chart for the Raiders. He went 20-224-0 in 2025 and will be paired with a. new coaching staff in 2026. Perhaps Bech can still develop and earn the slot job next season with a rookie QB, so he is worth stashing.",11
231,,Will Kacmarek,TE,5.09,6,23.5,20,113,192,357,"Kacmarek played second fiddle to Max Klare at Ohio State, but he was just as reliable a target. A blocker first with long arms at 6'6, Kacmarek does have soft hands and is dependable underneath. Kacmarek got Day 2 draft capital, but he will be exclusively a blocking TE. The playing time may be good, but he won't put up consistent fantasy numbers.",11
232,,Dontayvion Wicks,WR,133.03,10,25.2,86,275,469,853,"Wicks continued flashing talent in 2025, but he still remains stuck ina. crowded situation for the Packers. Wicks 6-94-2 game in November against the Lions shows his upside, but he may need to leave Green Bay, but he won't be a free agent until after 2026.",11
233,,Kaelon Black,RB,3.05,8,24.8,54,261,377,483,"Black split the backfield at Indiana in 2025 with Roman Hemby, but did still go 186-1040-10 with 5.5 yards per carry. Despite not being invited to the NFL Combine, he was the third RB selected in the 2026 NFL Draft. Black will get the opportunity to compete for the backup RB job to Christian McCaffrey, but still lacks fantasy upside to become a difference maker.",11
234,,Joe Royer,TE,7.05,11,24.5,30,111,180,322,"Royer transferred from Ohio State to Cincinnati. He went 29-416-4 with QB Brendan Sorsby, a potential Round 1 pick in 2027. A soft hands in-line TE at 6'5, 250 pounds, Royer will make his NFL bones as a blocker. He could be the occasional end zone target as well, but don't expect huge fantasy numbers. He should settle as the No. 2 TE next to Harold Fannin. That would make Royer mainly a blocker.",11
235,,Nicholas Singleton,RB,2.02,9,22.6,53,232,376,571,"Singleton, a former five-star recruit, has been a disappointment over his four-year career at Penn State. His final rushing line this past year was 123-549-13, mainly profiling as a red zone runner. Singleton would likely have dominated at the NFL Combine, but he suffered a broken bone in his foot at the Senior Bowl. He may not produce much in 2026 in a crowded Titans backfield, but Tony Pollard and Tyjae Spears are set to become free agents after this season.",11
236,,Adonai Mitchell,WR,142.11,13,23.8,105,270,449,806,Mitchell was traded from the Colts to the Jets and immediately made an impact on the weak WR unit. He finished the season with 33-453-2 and may have played his way into a role with the Jets in 2026. He's worth rostering as a dynasty stash. The former Longhorn turns just 24 in October.,11
237,,Marvin Mims Jr.,WR,132.07,10,24.4,111,263,449,817,"Mims Jr. fell behind Troy Franklin and Pat Bryan in the WR pecking order. He went 37-322-1, but Mims is still an elite returner who will stick on the roster. He just won't have the fantasy impact that was promised when he was drafted.",11
238,,Tory Horton,WR,154.09,11,23.8,58,280,474,894,"Horton flashed early as a rookie in 2025, but a shin injury ended his season late (despite the Seahawks making the playoffs). Horton ended the season going 13-161-5. He's an unlikely factor in 2025 after Seattle re-signed Rashid Shaheed. Cooper Kupp remains under contract, too.",11
239,,Keaton Mitchell,RB,135.08,7,24.6,99,217,327,431,"Mitchell showed dynamic traits before a December 2023 ACL tear. He missed most of the 2024 season but returned to see part-time work behind Derrick Henry in '25. The results still weren't great: 341 yards and 1 TD on 59 attempts, plus 9 catches for 63 yards. He projects as a part-timer after signing with the Chargers.",10
240,,Riley Nowakowski,TE,16.02,9,24.2,14,97,157,282,"Nowakowski was overshadowed by the WRs at Indiana, but he was a reliable target for Fernando Mendoza. His 32-387-2 season in 2025 showcased strong blocking and great stick routes against zone coverage. Nowakowski will profile as the third TE on the Steelers",10
241,,Aaron Jones,RB,102.12,6,31.7,110,217,299,527,"Jones battled through injuries to play all 17 games for the Vikings in 2024, while he set a career-high with 1,138 rushing yards. A predictable decline swopped in for 2025, as Jones again faced injuries -- plus poor QB play. He'll turn 32 next season and remains under contract for one more year.",10
242,,Brian Robinson Jr.,RB,124.12,11,27.4,92,258,311,436,"Despite missing several games, Robinson set a career high with 8 rushing scores in 2024. His receiving usage predictably declined, though, while 2025 turned up a move to San Francisco. After playing a handcuff role to CMC, Robinson reached free agency in March.",10
243,,Mike Washington Jr.,RB,2.08,13,23.2,90,206,328,581,"Washington finally broke out in his final season after transferring from Buffalo to Arkansas. He is a big, between-the-tackles back who churns his legs to pick up extra yards on every run. He showcased good vision and cutback ability, but didn't display much big-play upside. He will likely operate as the backup to Ashton Jeanty for the foreseeable future. HC Klint Kubiak has commented about wanting to utilize two RBs.",10
244,,Tank Bigsby,RB,133.06,10,25,55,245,368,492,"Bigsby wrapped up a productive career at Auburn with 540-2,903-25 (35 games). He tested as an average athlete at the Combine, however, and his struggles carried over into a mistake-filled first season. Bigsby looked like a different back in 2024, showing the power and burst that made him an attractive prospect. A wrench was thrown into his 2025 plans, as the Jags traded him to Philly over the summer. He’ll remain in a backup/handcuff role.",10
245,,Isaac TeSlaa,WR,162.07,6,24.5,72,264,464,861,"TeSlaa played a unique role in 2025, often serving as a key red zone option. He finished his rookie season going 16-239-6. His playing time increased late in the year and could continue rising in 2026 and beyond. However, he'll be limited by Amon-Ra St. Brown and Jameson Williams for the foreseeable future.",10
246,,Jackson Hawes,TE,155.12,7,25.7,21,106,168,291,"Hawes is a blocking TE, but the Bills still utilized him at times in the red zone. He doesn't offer much upside as long as Dalton Kincaid is on the roster.",10
247,,Cade Stover,TE,142.02,8,26.2,27,101,161,280,Stover appeared in only nine games this past season due to a broken foot. He suffered a partially torn MCL and PCL damage in the postseason but avoided surgery. He'll return as a depth piece behind Dalton Schultz.,10
248,,Jonnu Smith,TE,102.07,11,31,26,111,167,241,Smith endured a disappointing season after being traded to the Steelers. He ended as TE45 in PPR points per game and was more effective running the ball than catching. He hits free agency ahead of his age-31 season.,10
249,,Josh Cuevas,TE,8.08,13,22.9,15,97,165,306,"Cuevas found his largest role on Alabama's offense in 2025, going for 37-411-4. He figures to be a primary blocking TE at 256 pounds, but Cuevas does offer some red zone upside with his contested catching ability. Cuevas flashed a bit of receiving upside, but he will have to compete with fellow rookie Matthew Hibner for playing time behind Mark Andrews.",10
250,,Brandon Aiyuk,WR,114.01,18,28.4,77,280,449,774,"Aiyuk didn't play in 2025 after an ACL, MCL, and meniscus injury in 2024. The 49ers and Aiyuk may sever ties heading into 2026, and he should be fully healthy on a new squad. Aiyuk already disappointed in 2024 before the injury and is heading into his age-28 season. It appears unlikely he turns into a top-12 fantasy WR again.",10
251,,Tommy Tremble,TE,120.04,5,26.2,28,98,156,271,"Tremble re-signed with the Panthers in 2025, but he posted another quiet season in the fall (27-249-2). There's not much fantasy value to chase here.",10
252,,Keon Coleman,WR,142.10,7,23.3,73,262,444,850,"Coleman had plenty of hype heading into 2025, but he failed to pay that off. An 8-112-1 stat line in Week 1 shows Coleman's potential, but he was a healthy scratch for multiple games later in the season. Coleman could get another opportunity in 2026 and should be held on dynasty rosters.",10
253,,Kaytron Allen,RB,3.04,7,23.6,59,206,332,560,"Allen has four straight seasons of over 860 rushing yards. He has been the consistent backfield presence and ascended past teammate Nicholas Singleton despite a difference in athleticism. Allen is one of the most technically sound RBs in the class, and that shows with him averaging over 5 yards per carry in every college season. He wasn't drafted until the sixth round, but Allen lands in a weak Commanders' RB depth chart.",9
254,,Tyrone Tracy Jr.,RB,141.04,8,26.8,76,242,318,420,"Tracy delivered instant value as a rookie with 1,123 total yards, despite New York providing a terrible supporting cast. The arrow was pointing straight up... until the Giants used a Round 4 pick on bruising RB Cam Skattebo. A season-ending injury to Skattebo allowed Tracy to see more work in '25, but the pair figures to work in a timeshare in 2026.",9
255,,Ollie Gordon II,RB,152.10,6,22.6,42,215,335,564,"A tale of two years. Gordon had over 2,000 total yards as a sophomore, flashing great change of direction and vision. He was dangerous in space and used as a receiver in the flat. In his junior season, Gordon couldn’t seem to find any running room and tried to go for the big play too often. His Combine was mediocre, running a 4.61 40-yard dash with pedestrian numbers across the board. Gordon was unspectacular on 70 rookie-year carries behind De'Von Achane. Now, he'll break in a new coaching staff.",9
256,,Jaylen Wright,RB,140.07,6,23.4,46,206,336,564,"Wright was one of the speediest RBs in the 2024 class. According to The Athletic’s Bruce Feldman, Wright hit a Tyreek Hill-like 23.6 MPH in practice. The three-year Volunteer averaged a ridiculous 7.4 yards per carry in 2023, with 19 of his 136 attempts going for 15+ yards (per PFF). He showed out at the Combine with a 4.38 forty time and a 38-inch vertical. Miami provided an ideal landing spot for creative usage, but 2024 turned up light work behind De'Von Achane. The same trend surfaced in '25, while Miami also added rookie RB Ollie Gordon. We'll see how this backfield depth shakes out under a new coaching staff.",9
257,,Rachaad White,RB,125.02,7,27.6,107,224,270,378,"We were pumped to see White — an athletic back with pass-catching ability — land in Round 3 in 2022. He managed to get on the field early and eventually work in tandem with Leonard Fournette. 2023 turned up workhorse usage, boosted by a thin backfield and a surprisingly effective Baker Mayfield. However, we baked in some dynasty risk following the 2024 arrival of Bucky Irving, who proved pro-ready. White was largely quiet in 2025 -- despite some missed time from Irving. Washington supplies a nice landing spot, but the team could add more talent via the draft.",9
258,,DJ Rogers,TE,8.04,14,24.8,15,82,150,292,"Rogers showcased his athleticism last year for TCU. At 6'4, 250 pounds, he brings intriguing upside but never put everything together for consistent playing time. He went 34-319-2 in 2025. Rogers will likely be a late-round pick as a developmental receiving TE.",9
259,,Jake Briningstool,TE,155.08,5,23.7,8,88,150,279,"Briningstool arrived as a 2025 UDFA, but a hamstring injury erased his rookie season. He'll return to compete for a depth role in 2026.",9
260,,Tip Reiman,TE,145.07,14,24.9,24,82,133,238,Reiman dealt with injuries for most of last season and is stuck behind Trey McBride. Reiman has two years left on his rookie deal.,9
261,,Davis Allen,TE,135.06,11,25.5,21,83,132,229,"Allen posted a career-best 24-208-3 line in 2025. But with Terrance Ferguson on the ascent, Allen is unlikely to become a fantasy factor in L.A.",9
262,,Luke Schoonmaker,TE,135.07,14,27.9,19,80,124,214,Schoonmaker sits behind Jake Ferguson on the depth chart and doesn't have a path to playing time for the foreseeable future.,9
263,,CJ Dippre,TE,162.10,18,24.3,0,81,131,235,"Dippre transferred out of Maryland ahead of the 2023 season. He chose Alabama over Ohio State in the transfer portal, although big-time production never followed (32 catches, 441 yards, and 0 TDs over the past two seasons). Dippre ultimately checks boxes for size and play strength, although he went undrafted in 2025. He was held without a catch as a rookie.",9
264,,Deebo Samuel,WR,108.05,8,30.6,125,288,416,569,"Samuel had a solid 2025 despite Jayden Daniels missing most of the season. He went 72-727-5 and added 17 rushes for 75 yards and a TD. He will be a free agent heading into 2026 and cross the age-30 mark. Samuel is heading toward the end of his career, but if he can pair with a great QB, Samuel could contribute as a fantasy starter in 2026.",9
265,,Jalen Nailor,WR,129.02,13,27.4,100,263,414,716,Nailor continued flashing in 2025 especially in the red zone. He could be a starter for the Raiders with their lack of WR depth,9
266,,Malik Benson,WR,4.08,13,23.8,54,264,437,832,"Benson is a speed demon who never quite broke out after his JUCO stint. After flopping at Alabama, Benson took the Evan Stewart deep role at Oregon this past season. Benson offers another deep threat for the Raiders behind Tre Tucker and Dont'e Thornton.",9
267,,Isiah Pacheco,RB,129.09,6,27.4,80,187,299,488,"A broken right fibula ruined Pacheco's 2024. Even when he returned late in the year, he split work with veteran Kareem Hunt. Pacheco failed to rebound last season but landed in a nice handcuff spot in Detroit.",8
268,,Emanuel Wilson,RB,137.05,11,27.3,47,203,316,470,"Wilson saw a surprising 103 carries in 2024, posting 4.9 YPC. His workload rose in '25, largely because of missed games from Josh Jacobs. Wilson hit the spring as a free agent and signed with a Seahawks team that just lost Kenneth Walker to the Chiefs. Zach Charbonnet is also coming off a January ACL tear. Then came the NFL Draft, when serious competition arrived in Round 1 pick Jadarian Price. The rookie puts a major dent into Wilson's dynasty value.",8
269,,Adam Randall,RB,3.11,13,22.1,44,187,301,538,"Randall came to Clemson as a WR, but transitioned to RB before 2025. The 6'2, 235 back was a track star in high school, so his size and speed offers a unique runner who succeeded on a weak Clemson offense. Randall could fill the Keaton Mitchell role down the line as a change of pace receiving back.",8
270,,Jeremy Ruckert,TE,127.11,13,26,11,76,120,209,Ruckert signed a new deal to stay with the Jets in December. He projects as the No. 2 TE behind second-year man Mason Taylor.,8
271,,Tyler Conklin,TE,105.11,18,31.1,4,86,129,187,"Conklin saw some work as a starter in 2025, but he was surpassed by Oronde Gadsden by midseason. The veteran doesn't offer much upside after signing in Detroit.",8
272,,Bauer Sharp,TE,9.03,10,23.3,12,68,116,215,"Sharp was a high school QB who transitioned to TE at SE Louisiana. He transferred up to Oklahoma, then LSU, as he improved at the position. Sharp is still raw, going for 24-252-2 this past season. Sharp will have to battle to make the Buccaneers' roster.",8
273,,Seydou Traore,TE,16.05,6,24,10,68,110,197,"Traore peaked in 2022 for Arkansas State going 50-655-4, but he was a reliable receiving option for Mississippi State the last two years. Traore will be an International Player Pathway player and not count against the Dolphins' roster. He will likely take time to develop.",8
274,,Carsen Ryan,TE,11.05,11,23,8,62,106,198,Ryan went 45-620-3 in his final season at BYU. He flashes good power when blocking with some red zone targets that could make him intriguing. He will likely compete with fellow rookie TE Joe Royer to make the Browns' roster.,8
275,,John Michael Gyllenborg,TE,7.08,5,24,0,66,113,210,"Gyllenborg flashed as a receiving weapon for Wyoming in 2024, going 30-425-3. He dealt with injuries in 2025, taking a step back, but Gyllenborg would be a receiving TE who could emerge with opportunity. He went undrafted, but the Chiefs are a good situation for Gyllenborg to make the roster.",8
276,,Jaren Kanak,TE,8.06,9,22.5,0,64,117,228,Kanak only has one year of TE experience under his belt. He started his career as an LB before transitioning to TE in 2025. He went 44-533-0 despite the unfamiliarity with the position. Kanak will likely be a practice squad candidate for the Titans.,8
277,,Michael Trigg,TE,5.10,18,24.2,18,59,95,170,"Trigg was a highly recruited TE who started at USC. He transferred to Ole Miss and did very little before finally finding a good home at Baylor. His output: 50 catches, 694 yards, and 6 scores. Trigg's athleticism allows him to do damage after the catch at 6'4, 240 pounds. Trigg went undrafted due to character and effort concerns, but there is an opening to make the Cowboys' roster.",8
278,,Chimere Dike,WR,161.10,9,24.7,91,247,409,758,"Dike was a stud returner for the Titans as a rookie in 2025, but he also contributed as a WR. He went 48-423-4 and become the pseudo No. 1 WR on the team. That certainly won't be Dike's role going forward, but he proved he can be a weapon that gets some playing time.",8
279,,Kyle Williams,WR,161.04,11,23.8,76,245,405,726,"Williams did very little in his rookie season, but there were flashes of being a great deep target. Williams went 10-209-3 in 2025 and should earn a larger role in 2026. But, the Patriots will likely address the position further with young WRs to compete with Williams.",8
280,,Nathaniel Dell,WR,132.05,8,26.8,68,254,410,698,"Between his leg fracture in 2023 and dislocated kneecap and torn ACL in 2024, Dell did not play at all in 2025. His career is in jeopardy, but if Dell can somehow get back healthy, he could be a sneaky add on deep dynasty rosters.",8
281,,Jalen Royals,WR,154.03,5,23.5,39,249,423,797,"Royals did very little in his rookie year even with Rashee Rice missing most of the season. He only caught two passes in 2025, but could develop into a bigger role in 2026 if other WRs move on from the Chiefs. He is worth hanging onto in case there is offseason buzz.",8
282,,Ray Davis,RB,140.12,7,26.8,81,194,282,392,"Davis tallied back-to-back 1,000-yard rushing seasons -- one at Vanderbilt and one at Kentucky (2023). 2023 turned up his best work yet, including 3.81 yards after contact per attempt and a career-long 75-yarder on a sizable 73% carry share. After a promising rookie year, Davis' workload regressed in 2025, with 34% of his touches coming in a meaningless Week 18 game. He'll remain far behind James Cook in 2026.",7
283,,Sean Tucker,RB,133.09,10,24.8,70,193,279,358,"As a rookie, Tucker watched Rachaad White eventually earn a workhorse role. Then in 2024, he witnessed the breakout of Bucky Irving. Outside of one game vs. Buffalo, Tucker remained quiet in 2025. He returned to Tampa Bay in March, but the signing of Kenneth Gainwell ruins any shot at '26 value.",7
284,,RJ Maryland,TE,31.01,18,22.1,4,42,77,149,"Maryland is a receiving first TE who had consistent production over his four years at SMU. Though he won't test very well, Maryland could make a fantasy impact if he receives playing time. He went undrafted, but could make the Packers' team as the No. 3 TE.",7
285,,Devin Culp,TE,146.10,18,26.5,18,42,66,115,"Culp caught a TD last season, but he played only 56 snaps as a rookie. There's not much of a ceiling here, especially after the Bucs re-signed Cade Otton.",7
286,,Demario Douglas,WR,136.10,11,25.7,66,246,395,718,"Douglas had the worst season of his NFL career in 2025. He went 31-447-3, the lowest reception total of his career. Despite the lack of Patriots' WR options, Douglas couldn't really break through in Drake Maye's second season. He should stick around and have a role, but there is little upside to Douglas going forward.",7
287,,Jaylin Lane,WR,155.03,7,24.3,58,237,402,758,"Lane mostly played on special teams for the Commanders, but his speed was utilized on offense at times. He has some upside if he develops, but Lane likely sits toward the end of the depth chart.",7
288,,Skyler Bell,WR,3.08,7,24.1,33,246,420,763,"Bell transferred to UConn in 2024 and broke out. Over the past two seasons, he caught 151-2138-18. He isn't built like an NFL WR, but the production is hard to ignore with Bell able to beat man coverage. He lands in a great situation with Josh Allen as a potential No. 3 WR on the Bills.",7
289,,Rashod Bateman,WR,119.05,13,26.8,91,250,384,631,"Bateman continues struggling with the Ravens. He only went 19-224-2 in 2025. He signed a new deal with the Ravens and returns for the forseeable future, but a new head coach could mean Bateman loses his starting role.",7
290,,Kevin Coleman Jr.,WR,4.12,6,22.9,23,245,415,783,"Coleman was a four-star recruit who started with Deion Sanders at Jackson State. Instead of following Sanders to Colorado, Coleman went to Louisville, but struggled to make an impact. Then he went to Missouri. 2024 was Coleman's best season at Missouri going 74-932-6. Coleman will likely back-up Malik Washington as the slot WR for the Dolphins.",7
291,,Marquise Brown,WR,108.04,10,29.2,52,261,411,627,Brown went 49-587-5 in 2025 and will be a free agent in 2026. He showed that he can still be a contributor and should find his way onto a roster in 2026.,7
292,,Cedric Tillman,WR,132.08,18,26.3,42,249,396,710,"Tillman dealt with multiple injuries in 2025, only playing in 13 games. His 21-270-2 stat line was a step back from 2024, but the Browns horrible passing offense may be to blame. A new offensive system and QB could benefit Tillman in 2026.",7
293,,Josh Cameron,WR,6.01,7,23.4,16,246,416,785,"Cameron has had two straight years of 750+ receiving yards and 9+ TDs. The focal point of the Baylor offense, Cameron has good size and physicality down the field at 218 pounds. He's tough to bring down after the catch as well. Cameron is limited athletically, but he has been productive. He will be a reserve on the Jaguars.",7
294,,J.J. McCarthy,QB,140.04,6,23.6,41,700,1184,2286,"McCarthy wasn’t asked to carry a Michigan squad led by a strong defense and run game. Still, the two-year starter flashed a power arm and the ability to execute pro-style concepts under HC Jim Harbaugh. 2024 was a developmental year on IR, while the 22-year-old performed as a below-average starter in a limited '25 sample. There is a chance we don't see McCarthy as a consistent starting QB again in his career.",6
295,,Dylan Sampson,RB,156.10,11,21.9,116,152,248,378,"Sampson is a bit light in the pants, but he moves so fluidly, making him tough to bring down. He had six straight 100+ yard rushing games in his final season for Tennessee. Being paired on the Browns with RB Quinshon Judkins makes Samspon an intriguing third-down and pass-catching back moving forward. Sampson caught 33 of 40 targets as a rookie.",6
296,,LeQuint Allen,RB,158.08,7,22,78,165,258,434,"Allen had his background looked into deeply by the NFL after having an assault charge dismissed and expunged from his record. With that aside, he exited college with two straight 1,000-yard rushing seasons and 102 receptions over that period. His multi-faceted skill set makes him a dynasty sleeper, even after a quiet rookie season.",6
297,,Kaleb Johnson,RB,152.08,11,23,35,190,300,422,"Johnson's rookie year proved disastrous. After arriving in Round 3, the Iowa standout spread only 28 carries (for 69 yards) across 10 games. He simply wasn't able to earn a role alongside Jaylen Warren and Kenneth Gainwell. We then saw how little the team believes in Johnson, as Rico Dowdle arrived on a two-year deal. Note that Warren is signed through the 2027 season.",6
298,,Kimani Vidal,RB,141.05,7,25,57,195,278,355,"Vidal is short but stout at 5’8, 215 pounds. He posted eye-popping production at Troy that includes 2,793 rushing yards and 24 TDs over his final two seasons. After a quiet 2024, injuries to Najee Harris and Omarion Hampton opened the door for Vidal to post five games of 100+ yards. He'll slide back to a reserve role in '26.",6
299,,Demond Claiborne,RB,3.07,6,22.8,39,167,268,499,Claiborne injured his ribs in the first game of the year that seemed to affect him throughout the season. He is a smaller runner with 4.3 speed who can break long runs. He has 21 rushing TDs over the last two years on a weak Wake Forest offense. Claiborne could certainly make the Vikings roster as the third RB and make an impact in 2027.,6
300,,Jordan James,RB,153.05,8,22.4,36,173,272,464,"James is a young and explosive runner who is an ideal zone scheme fit. He posted 1,267 rushing yards in his final Oregon season in a split backfield and then went in Round 5 of the 2025 draft. He didn't see a single touch as a rookie, though. There's only an outside chance he's San Francisco's RB2 in 2026.",6
301,,Devin Neal,RB,156.12,8,23,0,190,297,493,"Neal broke out as a true freshman on a terrible Kansas team, rushing for 707 yards and eight TDs. Since then, he tallied three straight 1,000-yard seasons, including 1,266 yards and 16 TDs in 2024. He also caught at least 20 passes in each of those three seasons. As a rookie, Neal looked just OK in late-season work with Alvin Kamara sidelined. New Orleans then added a clear-cut RB1 in Travis Etienne.",6
302,,Andrei Iosivas,WR,134.12,6,26.8,67,238,381,654,Iosivas continues working as the No. 3 WR for the Bengals behind Ja'Marr Chase and Tee Higgins. He saw a boost when one of those players were out and can be useful in deeper leagues. Iosivas' athleticism should allow him to stick in the league for awhile.,6
303,,Xavier Legette,WR,143.01,5,25.6,61,238,385,671,"Legette had a disappointing sophomore season going 35-363-3. He was beaten out by rookie Tetairoa McMillan and played more of a reserve role this season. With the Panthers' struggles in the passing game, there is little upside for Legette moving forward, except for him only being 25 years old.",6
304,,Reggie Virgil,WR,7.02,14,22.3,30,225,396,791,"Virgil transferred from Miami (OH) to Texas Tech, showcasing his speed as a threat next to WR Caleb Douglas. Virgil is 6'3 with a big wingspan and offered a downfield contested catch option. Virgil went early in Round 5 and could crack the Cardinals depth chart down the line as a No. 4 WR.",6
305,,Isaiah Bond,WR,153.12,11,22.4,50,224,382,743,"Bond went undrafted in April's draft but was signed by the Browns when cleared of off field charges. He was on the field often, ending the season going 18-338-0. A high ankle sprain cut his season short, but Bond showed enough to stick on the Browns roster as a young, talented WR.",6
306,,Darnell Mooney,WR,115.12,8,28.8,52,253,383,579,"Mooney took a step back in 2025 going 32-443-1 following up his nearly 1,000 yard season in 2024. Mooney battled injuries throughout the season, but he clearly lost a step in his age-28 season. The Falcons may address the WR position this offseason pushing Mooney further down the depth chart.",6
307,,Seth McGowan,RB,4.04,13,24.8,44,162,256,459,"McGowan started at Oklahoma but was charged with robbery and battery on a drug-related crime. He transferred to New Mexico State and succeeded as their starter. Finally, he ended in Kentucky this past year, rushing for 165-725-12. McGowan fell to the seventh round, but appears set to back up Jonathan Taylor",5
308,,Devin Singletary,RB,108.07,8,28.9,46,170,252,404,"In March of 2024, Singletary inked a three-year, $16.5 million deal with New York. But a poor offensive environment and the rise of Tyrone Tracy Jr. kept Singletary's fantasy production in check that season. The Giants added Cam Skattebo in the '25 draft, although his season-ending injury allowed Singletary to enter a timeshare with Tracy. With Skattebo coming back, Singletary won't be a lock for the 2026 roster.",5
309,,Alvin Kamara,RB,101.01,8,31.1,82,187,227,254,"Kamara set a career low in rushing yards in 2023 (694). He signed a two-year contract extension in October 2024, keeping him under team control through the 2026 season. In '24, he generally outperformed expectations before a late-season groin injury. Another injury surfaced in 2025 -- an MCL sprain -- forcing multiple absences. Now with Travis Etienne in town, Kamara's likely to play elsewhere in the fall.",5
310,,Foster Moreau,TE,110.01,8,29.3,34,0,0,0,,5
311,,Lake McRee,TE,9.05,9,23.9,0,14,22,40,"McRee spent his entire five-year career at USC and peaked in 2025, going for 30-450-4. McRee is a solid blocker and a soft hands catcher who was a reliable third-down option for the Trojans. McRee went undrafted and is unlikely to make the Steelers' roster.",5
312,,Max Bredeson,TE,16.03,6,23.8,1,8,13,24,Bredeson likely will play a FB/H-Back role in the NFL which may make him unusable for fantasy. He is a blocker first who catches the occasional pass. He will be a FB on the Vikings.,5
313,,Keenan Allen,WR,96.08,13,34.3,105,227,333,555,"Allen returned to the Chargers and had a strong early season. He ended up going 81-777-4 in 2025, but will turn 34 in the offseason. Allen may have one year left in his NFL career, but will likely have to take a back-up role. It is unlikely he sticks as a fantasy starter in 2026, and certainly is nearing retirement.",5
314,,CJ Daniels,WR,5.02,11,24.6,18,229,378,721,Daniels started at Liberty before transferring to LSU and finally Miami. He was a central cog in the Hurricane's passing game this year to help support QB Carson Beck. Daniels will likely be blocked from moving up the Rams depth chart.,5
315,,Savion Williams,WR,156.05,11,24.8,57,218,365,640,"Williams flashed a bit as a rookie, but he remained a unique weapon used in the screen game and trick plays. Williams will have trouble cracking a deep Packers' WR group, but he could find more playing time in 2026.",5
316,,Jordan Whittington,WR,146.06,11,25.9,50,228,363,651,"Whittington got some play in 2025, but he was still pretty buried on the depth chart with Davante Adams and the TEs emerging. He could have a long NFL career, but it is doubtful Whittington does enough to make a fantasy impact.",5
317,,Dont'e Thornton Jr.,WR,160.04,13,23.8,22,227,387,704,"Thornton had plenty of preseason hype, but that didn't come to fruition in his rookie year. Thornton went 10-135-0 during the 2025 season despite often playing an outside role early in the season. Perhaps a new coaching staff can maximize Thornton's size and speed.",5
318,,Tyreek Hill,WR,100.04,18,32.5,85,249,338,465,"Hill dislocated his kneecap and tore multiple ligaments in 2025. At age 31, the injury could signal the end of Hill's career. He will likely try to come back, but it won't be with Miami after he was released in February. 2026 will likely be a slow year after the injury, and he may be too old when fully recovered to still have his elite speed.",5
319,,Jahan Dotson,WR,126.03,11,26.4,68,218,347,622,Dotson went 18-262-1 on the Eagles in 2025 and still isn't making a fantasy impact. We are unlikely to see him emerge in 2026.,5
320,,Colbie Young,WR,5.07,6,24.1,32,222,368,680,Young was the deep threat for Georgia this year with 26-358-1. He was second on the team in receiving yards behind Zachariah Branch and was built to take the top off of the defense. He could become the No. 4 WR for the Bengals.,5
321,,Tez Johnson,WR,154.05,10,24.3,33,216,369,671,"Johnson stepped up when injuries ravaged the Buccaneers' WRs in 2025. He finished his rookie season going 28-322-5. The depth chart may not give Johnson an opportunity to play a lot moving forward, but his talent makes him rosterable in most dynasty league formats.",5
322,,Jacoby Brissett,QB,100.01,14,33.7,340,716,934,1281,"Brissett isn't a long-term solution, but his play down the stretch in 2025 could get him a starting opportunity to open 2026. The veteran turned 33 in December.",4
323,,Trevor Etienne,RB,159.02,5,22.1,71,142,223,381,"Etienne showed pro potential at Florida, but he played behind a true freshman after transferring to Georgia. Like his brother Travis, Trevor has pass-catching ability that could eventually be utilized in the pros. However, he may be more of a third-down back than a starter. His rookie year turned up only 23 touches behind Rico Dowdle and Chuba Hubbard.",4
324,,James Conner,RB,102.02,14,31.3,68,154,223,318,"Despite the addition of rookie Trey Benson, Conner remained the clear starter in 2024. Arizona even signed the veteran to an extension in November of '24, although we'd see his momentum hit a wall in 2025. A September ankle injury cost him the rest of the season and required surgery. We'd bet against a rebound in 2026, especially with the Cardinals adding elite prospect Jeremiyah Love.",4
325,,Kendre Miller,RB,133.11,8,24.2,46,162,247,330,Durability remained an issue here in 2025. Miller's now totaled only 127 carries through three seasons. 2026 turns up a contract year.,4
326,,Najee Harris,RB,118.03,8,28.4,62,154,225,287,Harris missed almost all of the 2025 season with a torn Achilles. He hits free agency as a long-shot to find a lead-back role.,4
327,,DJ Giddens,RB,159.05,13,23,18,151,236,395,"Giddens had two straight 1,000-yard rushing seasons for Kansas State (2023-2024), showing power and quickness as the lead back. He may not quite have the full range of NFL athleticism, but Giddens could eventually develop into a role player. He managed only 26 carries (3.7 YPC) as a rookie.",4
328,,Tahj Brooks,RB,160.11,6,24.3,16,151,233,410,"Two straight 1,500-yard rushing seasons with double-digit TDs show Brooks’ success at Texas Tech. His shifty feet lead to very few hard hits, and Brooks can certainly hit the home run. Outside of missing one game in 2024 with an arm injury, Brooks has been healthy despite being a bellcow with 576 carries over the past two seasons. He didn't play much as a rookie but could compete for the RB2 role in 2026.",4
329,,Treylon Burks,WR,125.11,7,26.4,49,220,349,595,Burks flashed in a late-season sample with the Commanders. He hit free agency in the spring but re-signed to compete for snaps in a wide-open depth chart.,4
330,,KeAndre Lambert-Smith,WR,161.08,7,24.1,25,212,359,677,"Lambert-Smith had preseason hype coming into his rookie season, but it didn't really pay off. He went 5-51-1 as a rookie, but should land on the team next year and may develop more.",4
331,,Deion Burks,WR,5.11,13,23.6,16,214,358,696,"Burks flashed speed and athleticism at Purdue before transferring to Oklahoma, but he was never able to break out. He went 57-620-4 in 2025 after an injury-riddled 2024. Burks sits as a pure slot WR at 5'9, 188 pounds. Burks had a drastic NFL Draft fall to the 7th round and is unlikely to make a major fantasy impact.",4
332,,Calvin Ridley,WR,104.01,9,31.7,104,207,316,508,"Ridley had a disappointing 2025 going 17-303-0. He will likely move on to a new team, but he recently turned 31. Ridley's best days are behind him, but he could be useful in fantasy if he lands in a pass heavy system with a good QB.",4
333,,Tutu Atwell,WR,119.08,11,26.8,39,210,334,599,"Atwell managed only 6 catches in 10 games for the Rams in 2025. He then signed a one-year deal with a Miami squad that's paper-thin at WR. Still, Atwell's career trajectory -- plus Miami's uncertainty at QB -- makes it hard to forecast a fantasy-friendly 2026.",4
334,,Drew Allar,QB,3.06,9,22.4,19,694,1183,1677,"Allar was a potential top-100 pick in the 2025 NFL Draft but opted to go back to school. That led to only 8 TDs and 3 INTs in 6 games before Allar broke his ankle. The physical tools are there for Allar to develop into the Steelers' starting QB in 2027, but the team could still draft a new one in a year. Allar is worth stashing in Superflex.",3
335,,Brashard Smith,RB,158.12,5,23.3,56,130,207,371,"Similar to Tyrone Tracy, Brashard Smith spent most of his collegiate career as a WR. After transferring to SMU from Miami, Smith changed positions to RB and was the central part of their offensive success. Lining up both wide and in the backfield, he is an intriguing weapon with great short-area quickness and ability. We saw flashes of that in Year 1, although the Chiefs appeared hesitant to truly unleash him. Smith will remain no more than a part-timer moving forward, especially after the signing of Kenneth Walker.",3
336,,Isaiah Davis,RB,141.11,13,24.5,54,147,221,292,"Davis' college tape featured a nice combo of power, patience, and vision. The Jets' landing spot just hasn't been a friendly one, especially with Breece Hall returning on the franchise tag. Davis will also be pushed by third-year RB Braelon Allen.",3
337,,Rasheen Ali,RB,145.09,13,25.5,47,140,217,367,"The Ravens used a 2024 Round 5 pick on Ali, who posted two years of major production at Marshall. He'll continue pushing for scraps left behind by Derrick Henry.",3
338,,Justice Hill,RB,109.02,13,28.8,64,133,210,282,"Lightly used on the ground in 2024, Hill still managed to set a career-high with 42 catches. Injuries limited Hill to only 18 carries and 21 catches in 2025. He remains a low-upside dynasty asset.",3
339,,Phil Mafah,RB,153.06,18,23.8,26,136,215,386,"Mafah had two straight 1,000+ total yard seasons at Clemson. A powerful inside runner, Mafah takes good angles to maximize yardage. We just didn't see his traits surface in Year 1, as Javonte Williams enjoyed a rebound season and Malik Davis earned the RB2 role. There's no reason to expect a major jump in production from Mafah in '26.",3
340,,Jarquez Hunter,RB,153.07,18,23.7,46,126,200,355,"Hunter made a name for himself dominating Alabama as a sophomore, but saved his best season for his senior year in '24. With 1,201 yards rushing and another 155 through the air, he is an intriguing two-way player with a strong lower body to work in traffic. However, he didn't see the field in 2025, as Kyren Williams and Blake Corum handled almost all of the backfield work. That duo remains under contract for 2026.",3
341,,Jamarion Miller,RB,5.03,18,22.3,18,131,213,395,"Miller never had a breakout season for Alabama, topping out at 504 rushing yards in 2025. His lack of production is concerning, but Miller's skill set as a stout RB who moves nimbly in short spaces makes him an attractive depth RB in the NFL. Miller could make the Patriots roster as a third RB and get some carries if one of the top RBs go down.",3
342,,Devaughn Vele,WR,146.09,8,28.7,92,198,312,518,"Vele was traded from the Broncos to the Saints at the trade deadline. He flashed with an 8-93-1 game with New Orleans, but his usage wasn't consistent enough to be fantasy relevant. Vele should be rostered in deeper dynasty leagues in case he wins a starting spot with QB Tyler Shough growing.",3
343,,Tyquan Thornton,WR,127.08,5,26,73,199,317,568,"Thornton found a career resurgence with 19-438-3 on 37 targets, benefiting from injuries to the Chiefs' WR corps. He returned on a one-year deal this offseason and should continue in a downfield/rotational role.",3
344,,Joshua Palmer,WR,120.06,7,26.9,65,203,320,552,"Palmer signed a sizable deal with the Bills, but he only went 22-303-0 in 2025. Palmer's role is unlikely to grow in the future as the Bills should add more WRs in the offseason.",3
345,,Jalen Tolbert,WR,126.06,6,27.5,38,217,334,549,The signing of George Pickens killed Tolbert as a productive WR. He will likely be on the roster bubble in 2026.,3
346,,Konata Mumpfield,WR,160.03,11,23.8,22,201,341,643,Mumpfield saw more snaps late in the season and flashed enough ability to potentially make the Rams in 2026. He is intriguing in very deep leagues on the back end of your dynasty roster.,3
347,,Cooper Kupp,WR,101.07,11,33.2,86,207,285,469,"Kupp is nearing the end of his career as he approaches his age-33 season. He took a backseat to JSN going 47-593-2 in 2025. Kupp may have a year or two left, but he won't be startable in fantasy.",3
348,,Jordan Watkins,WR,162.01,8,24.5,22,202,334,619,Watkins dealt with a high ankle sprain in 2026 and would have had some opportunity to crack the 49ers lineup. He is in a crowded situation going forward.,3
349,,Eli Heidenreich,RB,4.10,9,23.1,30,120,205,400,"Heidenreich played the slot back in Navy's option offense, playing in the slot but also taking part in the triple option. That led to going 77-499-3 as a runner and 51-941-6 as a receiver in 2025. He even threw a pass this season. Heidenreich's role on the Steelers remains to be seen, but he may struggle to crack the 53-man roster.",2
350,,Michael Carter,RB,118.05,18,27.3,28,127,199,316,"Carter took over the lead back role after Trey Benson went out with injury, but there isn't much long-term upside here. He likely goes back to being a reserve in 2026 and beyond.",2
351,,Trey Benson,RB,140.08,18,24.1,47,117,183,283,"Benson entered the league with plenty of tread on his tires after tallying 156 and 154 carries over his final two college seasons, but a healthy James Conner limited the rookie’s impact. Then in 2025, Benson missed all but 4 games with a knee injury. He won't be guaranteed a roster spot in 2026 under a new coaching staff. Arizona added top-five pick Jeremiyah Love and veteran Tyler Allgeier in free agency.",2
352,,Darius Slayton,WR,110.06,8,29.6,63,201,315,481,"Slayton had a few fantasy-relevant games in 2025, ending the season with 37-538-1. While the Giants lost WR Wan'Dale Robinson, they added WR Darnell Mooney and TE Isaiah Likely to join WR1 Malik Nabers. Slayton projects as a rotational piece.",2
353,,KaVontae Turpin,WR,131.03,14,30,129,171,270,412,"Turpin makes his money on special teams, but the Cowboys have used him here and there for gadget plays/designed touches. Barring injuries ahead of him, there's no fantasy value outside of the return game.",2
354,,Christian Kirk,WR,104.03,8,29.8,55,207,313,468,"Kirk started the season as the slot WR for the Texans, but a hamstring ended his 2025 season. He will be a free agent this offseason and could sign somewhere that gives him a role. But Kirk's best days are behind him.",2
355,,Arian Smith,WR,158.10,13,24.8,19,196,325,601,"Smith had good draft capital, but he could barely crack the lineup. He played behind Adonai Mitchell and John Metchie. That doesn't bode well for Smith's future.",2
356,,Jimmy Horn Jr.,WR,159.10,5,23.9,39,182,308,581,"Horn played mostly on special teams, but he flashed a bit as a receiver. He could make the roster in 2026 and have a bigger impact, but should only be rostered in deep leagues.",2
357,,Nick Westbrook-Ikhine,WR,123.01,18,29.4,26,201,317,526,"NWI impressed as a deep threat, scoring long TDs in 2024 when the Titans offense. Signing with Miami didn't do him any favors. He only had 11 catches and appears done producing for his career.",2
358,,Cade Klubnik,QB,4.02,13,22.8,36,661,1122,1348,"Klubnik came into college football as a five-star recruit who became a starter before the end of his first season. He never reached his potential, especially in terms of developing more arm strength. He flashed some athleticism in 2024, going for 119-463-7 on the ground. He could be a late-round draft pick with some upside.",1
359,,Carson Beck,QB,2.12,14,24.8,276,676,901,891,"Beck's strong end of the season in the college football playoff propped him up to being drafted in the third round. But Beck was volatile throughout the season. Beck has a ton of experience, and strong footwork makes him an ideal backup QB in the NFL. He will get an opportunity to prove himself at some point this season, but Beck is unlikely to stick as the Cardinals long term franchise QB.",1
360,,Audric Estime,RB,140.11,8,22.9,27,110,178,319,Estime lasted only one season in Denver after arriving as a Round 5 pick. He saw fill-in work with the Saints in 2025 but remains a replacement-level talent.,1
361,,Kaden Wetjen,WR,12.08,9,24.4,53,171,284,526,"Wetjen is one of the top returners in the draft, but that may translate into draft capital and snaps (as we saw with Chimere Dike last year). He was fifth on Iowa in receiving yards last year (151). He will be a return only player on the Steelers.",1
362,,Roman Wilson,WR,143.06,9,25.2,49,174,291,510,"Wilson flashed early, but struggled to even be active for most of the season. With the Steelers expected to address WR this offseason, Wilson could be on the roster bubble in 2026.",1
363,,Tai Felton,WR,154.06,6,23.4,47,171,289,545,"Felton was mostly pegged as a special teams and developmental player for the Vikings. He didn't make much impact as a rookie, but should stick on the roster for the future and could have some upside.",1
364,,Kendrick Law,WR,31.05,6,22.2,0,186,315,593,"Law was a former top recruit for Alabama but broke out in 2025 at Kentucky (53-540-3). The Round 5 pick can play in the slot or outside and supplies good athleticism and soft hands. Unfortunately, a spring ACL tear will wipe out his entire rookie season and make him a dynasty longshot.",1
365,,Xavier Hutchinson,WR,132.09,8,26.3,43,175,281,511,"Hutchinson had a decent snap share despite the Texans drafting two rookies. But, he clearly isn't talented enough to be a consistent fantasy presence. He likely will be on the roster bubble in 2026.",1
366,,Emari Demercado,RB,138.08,14,27.6,20,107,170,246,"In 2025, Demercado posted nice efficiency numbers as a fill-in for injured RBs Trey Benson and James Conner. Still, Demercado projects as no better than the RB3 under new OC Mike LaFleur.",-0
367,,Isaac Guerendo,RB,141.09,8,26.2,36,101,145,211,"Guerendo brings excellent long speed, and he showed it at the Combine with a 4.33 forty-time. He also jumped 41.5 inches and tallied a 10’9” broad jump – all at 221 pounds. We saw that in a narrow window in 2024, although injuries limited his late-season impact. The 49ers showed their lack of faith in Guerendo by using a Round 5 pick on '25 rookie Jordan James. They also traded for Brian Robinson Jr. Ultimately, Guerendo is just a dynasty stash.",-0
368,,Jerome Ford,RB,127.05,7,26.9,0,116,172,238,"The Browns showed their cards on Ford after adding Quinshon Judkins and Dylan Sampson in the 2025 draft. He joined Washington on a one-year deal in March, but his roster spot isn't guaranteed.",-0
369,,Luke McCaffrey,WR,144.06,7,25.3,51,155,264,481,"McCaffrey got some work in 2025 when injuries hit the Commanders' WRs, but a broken collarbone ended his season. McCaffrey should stick on the roster, but he will likely have to compete with incoming rookies/FAs for a contributing spot.",0
370,,Devontez Walker,WR,142.09,13,25.2,32,170,272,495,"Walker has become a special-teams player for the Ravens, mixing in the occasional route. If they address WR at all, Walker may be further down the depth chart in 2026.",0
371,,Emmanuel Henderson Jr.,WR,8.12,18,22.8,4,169,287,541,"Henderson was a former five-star RB recruit who went to Alabama and converted to WR. After little playing time for three years, he transferred to Kansas and broke out with 45-766-5. Possessing great speed and explosion, Henderson looks the part, although he is still very raw in terms of routes and technique. He enters an open Seahawks WR depth chart where Henderson can make the team with upside.",0
372,,Geno Smith,QB,96.06,13,35.8,323,567,810,1012,"Smith was a major fantasy flop in 2025, posting only two top-12 fantasy finishes. At 35, his days as an NFL starter are nearing an end. But he'll at least have a shot at starting games in 2026 after the Jets acquired him in a trade from Vegas.",-1
373,,Will Shipley,RB,141.02,10,24,55,81,126,221,"In 2025, Shipley played a minor role behind Saquon Barkley, who didn't miss a game due to injury. Barkley and Tank Bigsby remain under contract for '26, limiting Shipley's dynasty appeal.",-1
374,,Roschon Johnson,RB,134.08,10,25.6,16,94,144,244,Johnson recorded only 2 carries in Year 1 under HC Ben Johnson. He certainly isn't a lock to return to the Bears.,-1
375,,Eric Rivers,WR,8.05,18,23.9,4,158,268,506,"Rivers led Georgia Tech in receiving in 2025, going 46-658-2. He's also a useful punt returner. Rivers runs smooth routes and gains separation as a WR, but his lack of size and physical tools. He will have an upward battle to make the Bucs after going undrafted.",-1
376,,Mitchell Tinsley,WR,157.01,8,26.9,27,154,245,439,"Tinsley got some work in 2025 when Ja'Marr Chase or Tee Higgins missed time. The Bengals will likely upgrade the back-end of the WRs, but Tinsley can be rosterable in deep leagues until that happens.",-1
377,,Vinny Anthony II,WR,6.07,18,23.2,10,151,252,486,Anthony spent his career at Wisconsin and posted back-to-back 300-yard receiving seasons. He shows good short-area quickness and catch technique. Anthony went undrafted and will battle to make the Falcons.,-1
378,,Deshaun Watson,QB,100.10,11,30.9,290,445,731,1371,"Watson sustained an Achilles tear in Week 7 of the 2024 season. There’s a chance he doesn’t start another NFL game, although he remains under contract with the Browns.",-2
379,,Samaje Perine,RB,101.06,6,30.9,79,78,96,115,Perine returned to the Bengals in 2025 and saw his highest carry total (84) since 2022. He'll play next season at 31 and will remain no more than a handcuff.,-2
380,,Ty Johnson,RB,110.09,7,28.9,61,80,103,149,Johnson enjoyed a solid 2024 with a career-high 3 receiving TDs. He remained a part-timer behind James Cook in 2025 and enters '26 with one year left on his contract.,-2
381,,Jaydon Blue,RB,159.09,10,22.6,26,78,123,221,"Blue was expected to be the next big Texas RB after Sophomore CJ Baxter went down with an injury. However, struggles with his vision early in 2024 led to a pass-catching role for the former four-star recruit. Blue ran a 4.38 at the NFL Combine despite nursing a torn muscle in his groin. His 4.25 Pro Day time may be more accurate to his actual speed. As the first RB drafted by the Cowboys, Blue carried some appeal entering the '25 season. But he barely saw the field and watched as Javonte Williams rebounded in a major way. Dallas then re-signed Williams to a three-year contract, putting a lid on Blue's dynasty value.",-2
382,,Noah Whittington,RB,13.02,18,24.7,20,76,118,200,"Whittington transferred from Western Kentucky to Oregon in 2022 and slowly grew his role on the Ducks. He won the starting job in 2026 despite stiff competition, showcasing short area quickness and receiving ability. Whittington went undrafted but landed on the Texans.",-2
383,,Jaleel McLaughlin,RB,138.12,18,25.9,18,90,118,156,"McLaughlin posted massive numbers across a five-year college career (1,250-8,166-79, plus 66 catches). But his value is trending down after registering only 37 carries (in 8 games) this past season.",-2
384,,Tyler Badie,RB,149.12,10,26.5,15,77,121,192,"Badie never became a factor for the Broncos in 2025, even after the season-ending loss of J.K. Dobbins. Badie now enters his fifth season with only 20 career carries.",-2
385,,Dyami Brown,WR,119.07,7,26.8,40,148,236,423,"Brown only went 20-227-1 on the Jaguars last season and was hurt by the midseason trade for Jakobi Meyers. Brown returned to Washington in free agency, but he'll likely settle into a reserve role.",-2
386,,Raheim Sanders,RB,153.08,11,24.2,19,72,114,204,"Rocket Sanders looked like a future NFL stud after his sophomore season at Arkansas, rushing for 1,443 yards. But he dealt with multiple injuries and settled in for a mediocre year at South Carolina in 2024. Being nearly 230 pounds with insane explosion off the snap, he does boast some enticing traits. There's just not a clear path to him becoming a valuable fantasy asset.",-3
387,,Robert Henry Jr.,RB,5.12,18,24.7,20,67,108,195,"Henry went 151-1045-9 on the ground for UTSA this year. He was dominant to start the year with three straight games of 140+ rushing yards and 2+ TDs. An ankle injury limited Henry late in the year, but he flashed NFL talent. Henry went undrafted.",-3
388,,Jawhar Jordan,RB,144.09,8,27,0,76,119,189,"Jordan arrived in Round 6 of the '24 draft, but he didn't see action until late in the '25 season. He projects as a reserve going forward.",-3
389,,Desmond Reid,RB,8.11,18,22.1,5,65,104,186,"Reid dealt with ankle issues in 2025 leading to a poor season. But he was one of the top RBs in 2024 going 52-579-4 through the air and 184-966-5 on the ground. He is small, sitting at 5'8 and 175 pounds, but Reid makes up for it with explosiveness and short area quickness. Reid went undrafted.",-3
390,,Demarcus Robinson,WR,100.03,8,31.9,41,152,232,296,"Robinson joined the 49ers in 2025 and played more toward the end of the season, given injuries in front of him. He'll retain a reserve role in 2026.",-3
391,,Greg Dortch,WR,123.10,18,28.3,65,126,199,343,"Dortch stepped up at times when injuries hit the Cardinals' WRs in 2025, but he ended the season on IR. He joined former Arizona OC Drew Petzing in Detroit and will remain a depth piece.",-3
392,,CJ Williams,WR,12.11,7,22.8,10,135,229,432,"Williams was a major reach by the Jaguars and enters a crowded WR depth chart. He went 59-749-6 at Stanford, but doesn't showcase NFL athleticism.",-3
393,,Lewis Bond,WR,13.04,18,23.3,13,132,224,422,"Bond has led Boston College in receiving every season since Zay Flowers left for the NFL. He also had 30+ more receptions every season than the player who ranked second on the team. Bond is a bit thin, but he is shifty and has after-the-catch ability. Bond will likely play special teams for the Texans, but may develop into a WR who gets some snaps.",-3
394,,J. Michael Sturdivant,WR,17.02,11,23.9,10,137,228,421,"Sturdivant showed some early promise in college at Cal, but struggled to make a major impact at Florida in 2025. Sturdivant went undrafted and will have an uphill battle to make the Packers' roster.",-3
395,,Jalen Milroe,QB,152.02,11,23.7,0,485,818,1535,"Milroe exited college with one of the best QB rushing profiles since Lamar Jackson. He'll be developed as a passer behind Sam Darnold, who excelled as the 2025 starter. If this staff can figure out how to harness Milroe’s passing, he could be gangbusters for fantasy in a few years.",-4
396,,Jaydn Ott,RB,15.12,5,23.7,0,58,93,166,"Ott burst onto the scene as a true freshman at Cal in 2022, going 170-897-8 on the ground and 46-321-3 through the air. He followed that up with 1,315 yards and 12 TDs rushing in 2023. Injuries cut his 2024 short, but Ott transferred to Oklahoma in hopes of hitting it big. He never climbed the depth chart, rushing for only 68 yards. Ott went undrafted.",-4
397,,John Metchie,WR,126.07,5,26.1,27,126,200,359,Metchie flashed in 2025 after injuries struck the Jets' WR corps. He finished at 33-274-2. He should stick with the Jets roster as a reserve and could be useful if injuries hit again.,-4
398,,Jeff Caldwell,WR,7.09,5,23.4,0,124,211,397,"Caldwell transferred to Cincinnati from Lindenwood and flashed incredible athleticism in 2025. He's 6'4, 210 pounds and will be a Combine stud both in the vertical and 40 time. He will have to battle to make the Chiefs after going undrafted.",-4
399,,Anthony Smith,WR,29.02,18,24.5,4,124,205,379,Anthony Smith went 64-1053-7 at ECU this past season showcasing good footwork and hands. He could make the Cowboys roster after being drafted late.,-4
400,,Jonathan Mingo,WR,133.02,14,25.3,23,114,188,349,Mingo spent much of 2025 injured and was not able to crack the Cowboys' lineup. He ended the year with one catch and is unlikely to make a fantasy impact in the future.,-4
401,,Tyren Montgomery,WR,16.04,18,25.1,4,120,199,369,"Don't let Montgomery's school, John Carroll, fool you. He can play. The former LSU basketball walk-on never played football in high school. He ended up at John Carroll and became one of the best Division III players in the country. With electric quick-twitch movement, he is extremely difficult to cover and was a star during the Senior Bowl practices. He went undrafted and will have an uphill battle to make the Titans.",-4
402,,Kirk Cousins,QB,96.02,13,38,277,509,635,811,"Cousins returned to the starting lineup following Michael Penix's ACL tear last season. The results were mixed, though, and Cousins will play in Vegas in 2026. He's expected to open 2026 as the starter while the team brings along top pick Fernando Mendoza.",-5
403,,J'Mari Taylor,RB,4.11,18,24.5,20,46,72,126,"Taylor started as a walk-on at North Carolina Central in 2020. He worked his way up to being Virginia's starting RB in 2025, rushing for 222-1062-14. Taylor isn't the most athletic back, but he plays with a low center of gravity and avoids big hits. He is an intriguing NFL backup type. Taylor went undrafted.",-5
404,,Chip Trayanum,RB,13.08,13,24.6,0,51,78,138,"Trayanum has encountered a volatile college career. A four-star RB recruit at Arizona State, he flashed elite athleticism at 220 pounds as a freshman. He eventually moved to LB and transferred to Ohio State, where he would pivot back to RB. He went 182-1015-12 on the ground this past year, albeit with underwhelming advanced metrics. Trayanum's age and late breakout likely signal a later-round pick.",-5
405,,Derius Davis,WR,136.12,7,25.9,35,103,166,302,"Davis is a special teamer who gets the occasional touch, but he will be unlikely to make a fantasy impact in 2026 and beyond.",-5
406,,Xavier Restrepo,WR,154.04,18,24.3,17,109,181,334,"Restrepo had some UDFA hype after getting paired with his college QB Cam Ward. Restrepo, though, played in two games as a rookie. He had three catches and will compete to even make the Titans' roster in 2026.",-5
407,,Jacob Cowing,WR,143.10,8,25.5,46,93,156,292,"Cowing wasn't able to make an impact in 2025, landing on IR with a hamstring injury.",-5
408,,Roman Hemby,RB,6.02,18,24,22,29,44,77,"Hemby flashed playing for Maryland in his first four seasons, but he finally succeeded as the lead back for Indiana. Hemby hit 1,000 rushing yards for the first time in his career. He plays with a low pad level at 6'0 tall and sees cutback lanes cleanly. Hemby was also used as a receiver at Maryland and has more ability there than he showed in 2025 (17 catches). Hemby went undrafted.",-6
409,,Mason Tipton,WR,149.08,8,25.9,34,98,157,286,"Tipton managed 14 catches for 99 yards as a rookie UDFA in 2024, and he got some playing time in 2025. It's unlikely we'll see much from Tipton moving forward, but he could stick on the Saints' roster.",-6
410,,Jalen Walthall,WR,14.06,18,23.8,4,96,163,308,Walthall flashed at Hawaii but really broke out at Incarnate Word. He had a 220-yard receiving game and dominanted against weaker competition. Walthall went undrafted and will have an uphill battle to make the Texans' roster.,-6
411,,Kentrel Bullock,RB,10.03,18,24.4,5,23,35,62,"Bullock had a five-year career with South Alabama, improving his output every season. He ended his final year going 218-1045-14. A power gap runner with good vision and balance, he has the skillset to be an NFL reserve.",-7
412,,Kejon Owens,RB,6.05,18,24.7,5,23,35,62,"After four years at FIU, Owens finally got his crack as the starting RB and thrived. He went 213-1334-11 on the ground this year, averaging 6.26 yards per carry. He doesn't offer much in the receiving game, but a thick built and smooth movements makes him an intriguing developmental RB.",-7
413,,CJ Donaldson,RB,7.11,18,22.1,5,14,22,40,"Donaldson started his college career as a FB, but his between-the-tackles ability grew to a sizable role at West Virginia. He had two straight seasons with 730+ yards and 11 rushing TDs. The transfer to Ohio State didn't help much as he fell behind freshman RB Bo Jackson. Donaldson went undrafted.",-7
414,,Jamal Haynes,RB,11.03,18,23.8,5,13,20,34,"Haynes made the switch from WR to RB after his freshman year at Georgia Tech and immediately made an impact. He ran for 1,059 yards and 7 TDs as a sophomore. He showcased his receiving in his sophomore season with 944 rushing yards and 166 receiving yards along with 12 total TDs. He took a step back in 2025, splitting carries in the RB room and only rushing for 531 yards. Haynes went undrafted.",-7
415,,Jordan Hudson,WR,7.01,18,22.8,4,83,142,276,"Hudson broke out in his final year at SMU, going 61-766-6. A slot WR who explodes off the line, Hudson's sure hands make him a threat for short-yardage catches. He offers little upside, but he could make the Cowboys' roster.",-7
416,,Bub Means,WR,145.11,18,25.6,25,80,128,233,"Means flashed a bit in 2024, but he didn't get much playing time in 2025. He is unlikely to make a future impact.",-7
417,,Anthony Richardson,QB,131.09,13,24.3,0,402,656,1217,"Richardson lost a camp competition to Daniel Jones in 2025. Then, when Jones suffered an Achilles tear, Richardson wasn't able to play due to a freak eye injury. He requested a trade in April.",-8
418,,Corey Kiner,RB,161.01,11,24.6,20,0,0,0,,-8
419,,Jalin Hyatt,WR,132.02,18,24.9,20,75,120,218,Hyatt played poorly again in 2025 and is a cut candidate in 2026.,-8
420,,Ja'Lynn Polk,WR,143.03,18,25.3,0,70,120,218,"The Pats took Polk in Round 2, then moved on from him after just one season. Even at just 24, he's quickly approaching ""bust"" status.",-8
421,,Taylen Green,QB,5.01,11,23.8,17,444,750,743,"Green spent two years at Boise State before transferring to Arkansas. He has a strong arm, but Green's advantage is in his rushing ability. Over the past two years, he has rushed for a combined 1,379 yards and 16 TDs. Standing at 6'6 and 235 pounds, Green is an athletic freak who the Browns may bring along to develop in a weak QB room.",-9
422,,Ja'Corey Brooks,WR,162.04,7,24.8,0,68,113,210,"Jayden Daniels supplies a long-term QB, and the WR room looks thin on talent. Brooks is simply a long shot after failing to record a catch as a rookie.",-9
423,,Anthony Gould,WR,144.07,18,25.3,47,37,62,114,Gould is still a special teams player with speed who makes little fantasy impact.,-10
424,,Dominic Lovett,WR,159.12,18,23.8,4,49,84,158,Lovett recorded no catches as a rookie and had one kick return. He profiles as a special teamer if he makes the roster next year.,-10
425,,Aaron Rodgers,QB,95.08,9,42.7,373,235,324,598,"Rodgers exceeded expectations in 2025 with 3,322 yards, 24 TDs, and 7 INTs. Still, it's unknown whether he'll return for one more season in 2026. If so, it'll almost certainly be with Pittsburgh and new HC Mike McCarthy.",-11
426,,Harrison Wallace III,WR,12.05,18,23.3,4,32,57,110,"Wallace transferred from Penn State to Ole Miss, immediately becoming their top WR. He went 61-934-4 this season as the main target for QB Trinidad Chambliss. A sharp route runner who finds ways to get open, especially against zone coverage, he has intriguing upside. Wallace went undrafted.",-11
427,,Garrett Nussmeier,QB,5.04,5,24.5,0,308,520,1004,"Nussmeier fell to Round 7 of the 2026 draft, landing with the Chiefs at No. 249 overall. He gets an ideal developmental setup under HC Andy Reid and Patrick Mahomes, but his draft capital makes an eventual starting role a long shot. The LSU product is most likely to settle in as a career backup.",-12
428,,Aaron Anderson,WR,9.06,18,23.7,4,20,35,65,"Anderson broke out in 2024, posting 61-884-5 on LSU. He dealt with multiple injuries in 2025 that caused Anderson to miss games and barely play in others. He will need to clear the medical check after elbow, toe, and hip ailments. Anderson went undrafted.",-12
429,,Chase Roberts,WR,13.07,13,25.6,0,21,33,61,"Roberts had two straight years at BYU of 770+ receiving yards and 4+ TDs. A big-bodied, long-armed X WR, Roberts wins with physicality but won't excite with athleticism. Roberts went undrafted",-13
430,,Noah Thomas,WR,8.02,18,22.6,4,18,31,61,"Thomas flashed at Texas A&M in 2024, going for 39-574-8. He transferred to Georgia, but didn't find a starting role. He didn't even play in the SEC Championship game and failed to record a catch in their lone playoff game. Thomas went undrafted.",-13
431,,Donaven McCulley,WR,14.08,6,23.6,0,19,32,59,"McCulley dealt with injuries in 2024 and was pushed out of Indiana. He transferred to Michigan, where he tallied 39-588-3 on a run-first offense. He is a big X WR. McCulley went undrafted.",-13
432,,Caullin Lacy,WR,9.08,13,24.7,0,10,16,30,"Lacy broke out in 2023 at South Alabama, going 91-1316-7. He is a small deep threat WR who was underutilized after transferring to Louisville. Lacy's highlights are incredible, but they are few and far between. Lacy went undrafted.",-14
433,,Camden Brown,WR,6.09,14,22.3,23,0,0,0,,-14
434,,Laquon Treadwell,WR,99.10,13,31.2,22,0,0,0,,-14
435,,Zay Jones,WR,101.09,18,31.4,19,0,0,0,,-14
436,,Will Pauling,WR,17.06,8,23.4,0,4,6,12,"Pauling failed to get a Combine invite, but his speed and athleticism could make him an intriguing UDFA. He could make the end of the 49ers roster.",-14
437,,Dillon Gabriel,QB,160.05,11,25.7,18,241,400,755,Gabriel was a surprise third-round pick for the Browns in 2025. He eventually saw the field but didn't show anything to get excited about for fantasy.,-15
438,,Athan Kaliakmanis,QB,13.06,7,23,0,209,354,701,"Kaliakmanis was a surprise pick by the Washington Commanders. He has a good arm, but his lack of accuracy and college success makes him a hard pass in dynasty.",-16
439,,Marcus Mariota,QB,98.02,7,32.8,0,225,334,442,"In 2025, Mariota supplied spot-start value as a fill-in for Jayden Daniels. The veteran notched three top-10 fantasy finishes, peaking at QB3. He signed a new deal to remain Jayden Daniels' backup in 2026.",-17
440,,Tanner McKee,QB,156.08,10,26.3,0,187,305,566,"McKee brings enticing physical tools, but he’s stuck behind Jalen Hurts as Philly’s QB2. At 26 next season, there's just an outside shot that McKee ever becomes a starter.",-17
441,,Riley Leonard,QB,152.05,13,23.9,0,160,271,523,"A developmental QB, Leonard saw some action in 2025 after injuries hit the QB room. He flashed with two rushing TDs and a surprising 270-2 passing line against Houston in Week 18. Still, we're likely looking at a long-term backup here.",-18
442,,Behren Morton,QB,9.02,11,24.6,0,36,61,115,"Morton spent five years in college at Texas Tech. He helped carry the offense to a playoff berth, but Morton is a bit of a one-trick pony. He has a strong arm and not much else. Morton will have an uphill battle to make an impact on the Patriots' roster.",-24
443,,Russell Wilson,QB,96.01,18,37.8,0,0,0,0,,-25
444,,Justin Fields,QB,117.11,5,27.4,0,0,0,0,,-25
445,,Joey Aguilar,QB,13.05,7,25.2,0,0,0,0,Aguilar went undrafted after being a very late declare due to NCAA eligibility issues.,-25
