name,value
Amon-Ra St. Brown,9.833333333333334
Ashton Jeanty,10.33
Bijan Robinson,1.5
Brock Bowers,10.166666666666666
CeeDee Lamb,9.0
De'Von Achane,10.67
Ja'Marr Chase,1.8333333333333333
Jahmyr Gibbs,4.0
Jaxon Smith-Njigba,4.166666666666667
Justin Jefferson,8.333333333333334
Malik Nabers,8.833333333333334
Puka Nacua,4.666666666666667
