name,value
Ashton Jeanty,10.333333333333334
Bijan Robinson,1.8333333333333333
CeeDee Lamb,9.666666666666666
De'Von Achane,10.666666666666666
Ja'Marr Chase,2.5
Jahmyr Gibbs,3.6666666666666665
Jaxon Smith-Njigba,6.0
Justin Jefferson,9.666666666666666
Malik Nabers,10.0
Puka Nacua,5.833333333333333
