research_id,recommendation,native_id(s),current_evidence,canonical_owner,active_claim/PR,exact_remaining_outcome,disposition,dependency_impact,recurring_burden,safe_parallel_lane,acceptance,uncertainty,evidence_urls,research_dependencies_not_adopted,research_complexity_not_a_duration,research_data_requirements,research_acceptance_preserved,research_operating_burden_judgment,research_source_url,current_production_verification
R01,"Typed zero, missing and confidence semantics",F-MISS-01; C1-ID-01; C5-ROS-01,Main aggregate.py retains row.confidence or 1.0. scrape.py also applies falsey-default coercion in run_all and _build_snapshot; CSV output omits confidence. ProjectionRecord has explicit nullable fields.,"Identity, scoring and ROS ingestion owners",1434 / 1445 own adjacent boundaries,Specify zero-confidence validity at ingestion and aggregation; preserve genuine zero projected production; trace an enabled adapter before declaring a live incident.,EXTEND,Local boundary tests can precede an ensemble. Coordinate affected ROS files with 1445; do not reopen unrelated repaired zero-score consumers.,"Low: regression maintenance and schema review, not another collector.",Canonical ROS owner; disjoint read-only fixtures may be prepared in parallel.,"Positive-control fixture with zero, None and 1 confidence; opposing source ranks must distinguish exclusion from full voting. Test canonical-name and resolved-name paths and projection=0. Demonstrate the old path fails before accepting a repair.",Zero is accepted by the dataclass and erased by inspected expressions; actual zero emitted by an enabled production provider was not established. No repository test was run.,"[""https://github.com/jasonleetucker-code/riskittogetthebrisket/blob/f3eacc180309b438c19fcd1e388e1d18d0c53c67/src/ros/aggregate.py"", ""https://github.com/jasonleetucker-code/riskittogetthebrisket/blob/f3eacc180309b438c19fcd1e388e1d18d0c53c67/src/ros/scrape.py"", ""https://github.com/jasonleetucker-code/riskittogetthebrisket/blob/f3eacc180309b438c19fcd1e388e1d18d0c53c67/src/bdvm/projections.py"", ""https://github.com/jasonleetucker-code/riskittogetthebrisket/pull/1434"", ""https://github.com/jasonleetucker-code/riskittogetthebrisket/pull/1445"", ""https://github.com/jasonleetucker-code/riskittogetthebrisket/blob/f3eacc180309b438c19fcd1e388e1d18d0c53c67/docs/C_SERIES_SCOPE_MANIFEST.md"", ""https://github.com/jasonleetucker-code/riskittogetthebrisket/blob/f3eacc180309b438c19fcd1e388e1d18d0c53c67/docs/OWNER_PRODUCT_BACKLOG_SPEC.md""]",None,M,"Nullable values, status enums, confidence including literal zero, valid asset IDs and representative malformed payloads","Metamorphic tests distinguish zero, missing, stale, not applicable and unknown; confirm live consumer behavior before fixing",Low,https://github.com/jasonleetucker-code/riskittogetthebrisket/blob/cd4d522b54522c5eac8228bb0628f0bc4ed6dd1b/src/ros/aggregate.py,NOT EXECUTED IN THIS SESSION
R02,Monotone weighted valuation estimator,F-VAL-01; F-VAL-02; C1-CONF-01,The reviewed window-median repair remains unmerged. Its author reports monotonicity and board-impact evidence. Exact KTC package VA is a different owner and must not be replaced by this estimator.,Canonical weighted blend in src/api/data_contract.py,1434 OPEN DRAFT; c3125bb4,"Finish the existing estimator review and exact-head validation; preserve family weights, native source values and explicit promotion exceptions.",KEEP,Serial writer for blend helpers; pick-lifecycle changes may share data_contract.py only through agreed disjoint hunks. Does not block UI or archive capture.,Low: property/fixture maintenance and occasional pinned-board impact review.,"Existing blend author/reviewer, not a new valuation-engine lane.","Reproduce the unequal-weight counterexample on main; test equal-weight compatibility, value monotonicity, weight continuity and outliers; rerun pinned board impact and required gates. Report structural validity separately from forecast accuracy.",Author test results were not rerun. PR is draft and non-mergeable at observation; this is not implementation or promotion authority.,"[""https://github.com/jasonleetucker-code/riskittogetthebrisket/blob/f3eacc180309b438c19fcd1e388e1d18d0c53c67/src/api/data_contract.py"", ""https://github.com/jasonleetucker-code/riskittogetthebrisket/blob/f3eacc180309b438c19fcd1e388e1d18d0c53c67/docs/MATH_MODEL_CALIBRATION_POLICY_2026-08-15.md"", ""https://github.com/jasonleetucker-code/riskittogetthebrisket/pull/1434"", ""https://github.com/jasonleetucker-code/riskittogetthebrisket/pull/3125"", ""https://github.com/jasonleetucker-code/riskittogetthebrisket/blob/f3eacc180309b438c19fcd1e388e1d18d0c53c67/docs/C_SERIES_SCOPE_MANIFEST.md"", ""https://github.com/jasonleetucker-code/riskittogetthebrisket/blob/f3eacc180309b438c19fcd1e388e1d18d0c53c67/docs/OWNER_PRODUCT_BACKLOG_SPEC.md""]",R01,M,"Frozen per-source values and weights, family memberships, unequal-weight adversarial inputs, prior/current board generations","Reproduce failures, prove/justify estimator properties, pin deterministic counterexamples and report full board impact",Low,https://github.com/jasonleetucker-code/riskittogetthebrisket/pull/1434,NOT EXECUTED IN THIS SESSION
R03,Pick lifecycle and generic quantity closure,C1-ID-02; C1-PICK-02; C3-CALC-01; #1414; #1415,"Generic quantity repair is on main. Lifecycle remains in 1442, now including firstActiveClass/pick-stack wiring. The owner explicitly kept currentDraftYear=2026 and the existing horizon through 2029.",Pick identity/lifecycle plus trade serialization owners,1441 MERGED; 1442 OPEN at 3101430c,"Complete the lifecycle PR and consumer acceptance; retain unique owned assets, legitimate repeated generic quantities and historical lookup. Keep separate round-only parsing/discount residuals visible.",CONSOLIDATE,Do not couple retirement to a 2030 horizon expansion. Shared-board retirement requires evidence for every compatible league. Coordinate data_contract.py/server.py/trade-page hunks with existing writers.,"Low: draft/roster evidence refresh, class-state regression fixtures.",Existing pick author; no second lifecycle module. Disjoint UI may continue.,"Actual owned pick cannot duplicate; generic quantity survives edit/share/workspace/CSV/equalizer. UNKNOWN does not retire; historical lookup remains priced or explicitly unavailable. Verify firstActiveClass, current season, horizon and no unrelated value/rank changes in production.","No deployment evidence for either current outcome was independently checked. Round-only failures are author-reported residuals, not newly reproduced incidents.","[""https://github.com/jasonleetucker-code/riskittogetthebrisket/blob/f3eacc180309b438c19fcd1e388e1d18d0c53c67/frontend/lib/pick-stack.js"", ""https://github.com/jasonleetucker-code/riskittogetthebrisket/pull/1441"", ""https://github.com/jasonleetucker-code/riskittogetthebrisket/pull/1442"", ""https://github.com/jasonleetucker-code/riskittogetthebrisket/blob/f3eacc180309b438c19fcd1e388e1d18d0c53c67/docs/C_SERIES_SCOPE_MANIFEST.md"", ""https://github.com/jasonleetucker-code/riskittogetthebrisket/blob/f3eacc180309b438c19fcd1e388e1d18d0c53c67/docs/OWNER_PRODUCT_BACKLOG_SPEC.md""]",R01,M,"Host draft status, drafted rookies on actual rosters, player draft year, owned-pick lineage, generic quantities and lifecycle evidence",Completed draft evidence retires only correct class; valid future picks remain priced; quantities round-trip UI/API/share/equalizer,Low,https://github.com/jasonleetucker-code/riskittogetthebrisket/pull/1442,NOT EXECUTED IN THIS SESSION
R04,League slot demand consumer convergence,C2-LINE-01; C2-WEAK-01; C2-CORE-01; C4-FAAB-01; #838; #899,1436 removes the wrong-league/default-demand fallback and exposes shared slot structure. It deliberately retains FAAB even-split allocation versus trade per-slot participation; these are not interchangeable numbers.,Canonical lineup demand; roster strength and FAAB consumers,1436 MERGED at 5ff4bafc; adjacent 1445,"Publish one structural slot/eligibility contract with explicitly named demand meanings; decide only the remaining intended allocation difference, rather than forcing every consumer to the same scalar.",REFRAME,Structural reuse is available now. A policy decision on FAAB allocation need not block Game Day or UI.,Low: shared tests across scoring cards and hybrid-position fixtures.,Lineup owner is the single writer; consumers integrate against a stable contract.,"Test two real, different leagues, superflex, narrow FLEX, hybrid eligibility and missing settings. No hidden default card. Demonstrate the selected allocation semantics in trade, FAAB, strength and posture without conflating dynasty strength with ROS strength.",Full consumer convergence and all award-context fallbacks were not independently traced. Changing intentional FAAB allocation requires owner approval.,"[""https://github.com/jasonleetucker-code/riskittogetthebrisket/blob/f3eacc180309b438c19fcd1e388e1d18d0c53c67/src/ros/lineup.py"", ""https://github.com/jasonleetucker-code/riskittogetthebrisket/blob/f3eacc180309b438c19fcd1e388e1d18d0c53c67/src/roster_intel/strength.py"", ""https://github.com/jasonleetucker-code/riskittogetthebrisket/pull/1436"", ""https://github.com/jasonleetucker-code/riskittogetthebrisket/pull/1445"", ""https://github.com/jasonleetucker-code/riskittogetthebrisket/blob/f3eacc180309b438c19fcd1e388e1d18d0c53c67/docs/C_SERIES_SCOPE_MANIFEST.md"", ""https://github.com/jasonleetucker-code/riskittogetthebrisket/blob/f3eacc180309b438c19fcd1e388e1d18d0c53c67/docs/OWNER_PRODUCT_BACKLOG_SPEC.md""]",R01,M,"Per-league roster_positions, fantasy_positions, scored categories, actual rosters, FAAB/trade/strength caller inputs",Both actual leagues and adversarial SF/IDP/hybrid formats agree on legal slots; explicitly settle FAAB allocation semantics,Low,https://github.com/jasonleetucker-code/riskittogetthebrisket/pull/1436,NOT EXECUTED IN THIS SESSION
R05,Completed-week and live-state truth,C2-GP-01; C5-PLAY-01; C5-GD-01; W1-21; W1-28,The regular-season completed-week/real-zero repair is merged. W1 final-game acceptance is already recorded; the new Game Day live-state producer is a separate open extension.,Completed-week and Game Day state owners,1435 MERGED; 1445 OPEN,"Preserve the landed cutoff repair; close only residual live-state, correction and consumer mismatches through the current Game Day owner.",CONSOLIDATE,A completed NFL/fantasy week is not the same concept as retirement of a rookie class or a post-season recap cutoff.,Low for cutoff logic; continuous live-state operation belongs to the existing collector budget.,Seasonal owner plus active 1446 UI consumer.,"Finalized real zero participates; missing/in-progress data does not. Historical regular-season metrics, playoff-aware recap behavior and live player states use their intended horizons. Unknown metadata cannot silently become inactive/final.","Merged tests are author evidence, not this session’s execution. Current live state coverage is unmeasured.","[""https://github.com/jasonleetucker-code/riskittogetthebrisket/blob/f3eacc180309b438c19fcd1e388e1d18d0c53c67/src/ros/game_day_sim.py"", ""https://github.com/jasonleetucker-code/riskittogetthebrisket/blob/f3eacc180309b438c19fcd1e388e1d18d0c53c67/docs/season-launch/WEEK_1_LAUNCH_CONTRACT.md"", ""https://github.com/jasonleetucker-code/riskittogetthebrisket/pull/1435"", ""https://github.com/jasonleetucker-code/riskittogetthebrisket/pull/1445"", ""https://github.com/jasonleetucker-code/riskittogetthebrisket/blob/f3eacc180309b438c19fcd1e388e1d18d0c53c67/docs/C_SERIES_SCOPE_MANIFEST.md"", ""https://github.com/jasonleetucker-code/riskittogetthebrisket/blob/f3eacc180309b438c19fcd1e388e1d18d0c53c67/docs/OWNER_PRODUCT_BACKLOG_SPEC.md""]",R01,M,"Host last-scored leg, game status, complete matchup membership, actual zero scores, postponed games and correction events",Real zero scores count; ongoing games never booked final; current-season IDs and matchups remain isolated,Low,https://github.com/jasonleetucker-code/riskittogetthebrisket/pull/1435,NOT EXECUTED IN THIS SESSION
R06,Serving safety and independent capture responsiveness,C0-PERF-01; C8-PERF-01; C8-PERF-02; #1391; #1338,Last-good promotion protection and capture serialization repairs are already merged. 1346 still explicitly lacks final local/production acceptance; 1395 addresses capture-time responsiveness evidence.,Existing serving/capture performance owners,1346 DRAFT; 1395 OPEN; 1445 owns transferred Game Day primitives,Measure serving during real capture and retain good generations when acquisition fails; finish the existing preparation/rollout gates without a parallel cache stack.,KEEP,1346 is not a global lock. Game Day singleflight/atomic-write ownership was transferred; reconcile exact overlapping files before integration.,"Medium: independent probes, soaks, resource telemetry and generation retention.",Existing performance owner; Game Day-specific transferred code stays with 1445; Lane 6 continues.,"Capture-window external responsiveness, current deployed SHA, source failure injection, cold start and last-good fallback, memory/CPU headroom and existing latency budgets. Successful pre/post probes alone do not pass.",No current production probe or resource measurement was run. 1346’s large test counts are neither deployment nor useful-state acceptance.,"[""https://github.com/jasonleetucker-code/riskittogetthebrisket/blob/f3eacc180309b438c19fcd1e388e1d18d0c53c67/docs/PERFORMANCE_CAMPAIGN.md"", ""https://github.com/jasonleetucker-code/riskittogetthebrisket/blob/f3eacc180309b438c19fcd1e388e1d18d0c53c67/.github/workflows/deploy.yml"", ""https://github.com/jasonleetucker-code/riskittogetthebrisket/pull/1346"", ""https://github.com/jasonleetucker-code/riskittogetthebrisket/pull/1395"", ""https://github.com/jasonleetucker-code/riskittogetthebrisket/pull/1445"", ""https://github.com/jasonleetucker-code/riskittogetthebrisket/blob/f3eacc180309b438c19fcd1e388e1d18d0c53c67/docs/C_SERIES_SCOPE_MANIFEST.md"", ""https://github.com/jasonleetucker-code/riskittogetthebrisket/blob/f3eacc180309b438c19fcd1e388e1d18d0c53c67/docs/OWNER_PRODUCT_BACKLOG_SPEC.md""]",R01,L,"Externally timed HTTP probes, process/cgroup telemetry, scrape-phase timestamps, last-good generation and promotion verdicts",Observe bounded external requests during repeated real captures; verify last-good serving and cold-start failure policy,Medium,https://github.com/jasonleetucker-code/riskittogetthebrisket/pull/1405,NOT EXECUTED IN THIS SESSION
R07,"Cross-league, public/private and hermetic test closure",F-PRIV-01; F-MISS-01; C0-GOV-01; #1334; V1-131,Main already contains hermetic-test and league-keyed cache repairs; V1 navigation/privacy acceptance is recorded. 1446 adds request/response context checks in its Game Day flow.,"Context, privacy, canonical ownership and test-isolation owners",1446 current Game Day context consumer; 1346 shared shell boundary,Close task-specific residual cross-league and public/private paths without treating repaired defects as absent work.,EXTEND,A route-local context fix does not close #1334 across the entire site. Shared shell/context changes must not race 1346.,Low: adversarial fixtures and contract regression upkeep.,Context owner serial; stable route-level consumers and disjoint Lane 6 work parallel.,Switch between best-ball+median and managed/no-median leagues; reject stale responses; test public share output for private strategy and quiet overrides; run tests in varied order without network/global-state leakage.,No full test suite or authenticated two-league browser task was executed here.,"[""https://github.com/jasonleetucker-code/riskittogetthebrisket/blob/f3eacc180309b438c19fcd1e388e1d18d0c53c67/docs/ui/CALCULATOR_UI_IMPLEMENTATION_CONTRACT.md"", ""https://github.com/jasonleetucker-code/riskittogetthebrisket/blob/f3eacc180309b438c19fcd1e388e1d18d0c53c67/docs/VERSION_1_COMPLETION_CONTRACT.md"", ""https://github.com/jasonleetucker-code/riskittogetthebrisket/pull/1446"", ""https://github.com/jasonleetucker-code/riskittogetthebrisket/pull/1346"", ""https://github.com/jasonleetucker-code/riskittogetthebrisket/blob/f3eacc180309b438c19fcd1e388e1d18d0c53c67/docs/C_SERIES_SCOPE_MANIFEST.md"", ""https://github.com/jasonleetucker-code/riskittogetthebrisket/blob/f3eacc180309b438c19fcd1e388e1d18d0c53c67/docs/OWNER_PRODUCT_BACKLOG_SPEC.md""]",R01,M,"League/team/user identity, scoring fingerprints, private authorization boundaries, isolated runtime artifacts and hermetic fixtures",Poison-cache and alternating-league tests; no strategy leakage into public snapshots; verify residual test globals,Low,https://github.com/jasonleetucker-code/riskittogetthebrisket/pull/1403,NOT EXECUTED IN THIS SESSION
R08,Unified typed projection observations,C5-ROS-01; C5-PROJ-A/B/C/D/F; #854; C5-BDVM-01,"Main ROS is rank aggregation, while BDVM already accepts statistical ProjectionRecord observations and real Clay/IDP Show producer stages. 1445 adds typed weekly observations; this is not a greenfield projection engine.","Existing seasonal observation/ensemble, scoring and identity owners","1445 OPEN, typed weekly producer/consumer integration","Finish adapters and consumer semantics around existing typed observations: native stats/points/ranks/proxies, horizon, scoring basis, ancestry, as-known timestamps and quality states.",EXTEND,"C5-PROJ-A through F are execution subdivisions, not new denominator rows. Early capture need not wait for mature learned ensembles.","Medium: provider drift, mappings, time-stamped storage and scoring coverage checks.",1445 seasonal writer; stable schema consumers parallel; preserve acquisition-owner boundaries.,Round-trip native stat observations; exact linear rescoring; explicitly unsupported nonlinear categories; proxy and source-family labels; no dynasty voting path; no unseen-current data in historical queries; real per-position/horizon coverage receipt.,Current production coverage is unknown. The stale zero-real-sources header is contradicted by main producer code; branch census LIVE labels are not a current health measurement.,"[""https://github.com/jasonleetucker-code/riskittogetthebrisket/blob/f3eacc180309b438c19fcd1e388e1d18d0c53c67/src/ros/aggregate.py"", ""https://github.com/jasonleetucker-code/riskittogetthebrisket/blob/f3eacc180309b438c19fcd1e388e1d18d0c53c67/src/bdvm/projections.py"", ""https://github.com/jasonleetucker-code/riskittogetthebrisket/blob/f3eacc180309b438c19fcd1e388e1d18d0c53c67/scripts/refresh_bdvm_projections.py"", ""https://github.com/jasonleetucker-code/riskittogetthebrisket/pull/1445"", ""https://github.com/jasonleetucker-code/riskittogetthebrisket/blob/f3eacc180309b438c19fcd1e388e1d18d0c53c67/docs/C_SERIES_SCOPE_MANIFEST.md"", ""https://github.com/jasonleetucker-code/riskittogetthebrisket/blob/f3eacc180309b438c19fcd1e388e1d18d0c53c67/docs/OWNER_PRODUCT_BACKLOG_SPEC.md""]","R01,R07",L,"Source-native raw statistics, point forecasts, horizon, week/season, stat basis, scoring basis, player identity, publication and observation timestamps","One observation contract carries horizon, stat basis, source, time, scoring fingerprint and coverage; no duplicate model owner",Medium,https://github.com/jasonleetucker-code/riskittogetthebrisket/blob/cd4d522b54522c5eac8228bb0628f0bc4ed6dd1b/src/bdvm/projections.py,NOT EXECUTED IN THIS SESSION
R09,Scoring-vocabulary coverage and projection uncertainty,F-SCORE-01; F-SCORE-02; C5-PROJ-B; C5-FIT-01; C5-ST-01; #802; #803,Main BDVM rescoring has first-down imputation flags and IDP vocabulary diagnostics. New weekly adapters report uncovered scoring keys rather than treating provider mean lines as complete expected-score distributions.,Canonical scoring vocabulary and projection observation owners,1445 scoring/coverage extensions; #854 native umbrella,"Expose observed, imputed, unsupported and inapplicable categories by position/horizon; separately model bonus-event distributions when justified.",EXTEND,Scoring a mean stat line exactly is not an exact expectation under nonlinear bonuses. Distribution work must reuse scoring and observation owners.,"Medium: stat aliases, host golden fixtures, approximation audits and prospective category evaluation.",Scoring owner serial; observational coverage reports parallel to stable UI.,"Host-awarded fixtures for offense, IDP, kicker and individual returns/ST; threshold counterexample; genuine zero versus absent stats; imputation provenance; never score player ST as team DST.",No new category-accuracy or nonlinear forecast superiority was measured.,"[""https://github.com/jasonleetucker-code/riskittogetthebrisket/blob/f3eacc180309b438c19fcd1e388e1d18d0c53c67/src/bdvm/projections.py"", ""https://github.com/jasonleetucker-code/riskittogetthebrisket/blob/f3eacc180309b438c19fcd1e388e1d18d0c53c67/src/nfl_data/realized_points.py"", ""https://github.com/jasonleetucker-code/riskittogetthebrisket/pull/1445"", ""https://github.com/jasonleetucker-code/riskittogetthebrisket/pull/854"", ""https://github.com/jasonleetucker-code/riskittogetthebrisket/blob/f3eacc180309b438c19fcd1e388e1d18d0c53c67/docs/C_SERIES_SCOPE_MANIFEST.md"", ""https://github.com/jasonleetucker-code/riskittogetthebrisket/blob/f3eacc180309b438c19fcd1e388e1d18d0c53c67/docs/OWNER_PRODUCT_BACKLOG_SPEC.md""]",R08,M,"Every nonzero scoring category, per-source supported/missing statistics, actual raw results, first-down and IDP imputation provenance",Golden host scoring and per-category completeness; imputed categories visibly labeled and uncertainty propagated,Medium,https://github.com/jasonleetucker-code/riskittogetthebrisket/blob/cd4d522b54522c5eac8228bb0628f0bc4ed6dd1b/src/bdvm/projections.py,NOT EXECUTED IN THIS SESSION
R10,Source ancestry graph and independent holdouts,F-SRC-01; C1-SRC-01; C1-SRC-02; C5-PROJ-A; #804,KTC Crowd/Trades family policy and Market benchmark-only role are already approved. Weekly Sleeper/RotoWire is one family; the FN branch records possible constituent overlap rather than assuming independence.,Source lineage/family and evaluation owners,1434 adjacent estimator; 1444 measurement; 1445 projection census,Retain observation and transformation ancestry and implement time-safe holdouts that remove target-family normalization influence as well as direct votes.,EXTEND,Researching ancestry does not authorize changing existing voting families or requiring the full graph before useful capture/UI.,Low-to-medium: maintaining lineage declarations and offline holdout runs.,"Source/evaluation owners; disjoint evidence research is safe, model promotion remains governed.",Count effective authority by declared ancestry; disclose unknown ancestry; blocked holdouts include normalization/training lineage; KTC Market never becomes a third vote.,Approved governance families are not demonstrated statistical independence. Neither the report nor this session established residual independence.,"[""https://github.com/jasonleetucker-code/riskittogetthebrisket/blob/f3eacc180309b438c19fcd1e388e1d18d0c53c67/docs/sources/SOURCE_FRESHNESS_WEIGHTING.md"", ""https://github.com/jasonleetucker-code/riskittogetthebrisket/pull/1434"", ""https://github.com/jasonleetucker-code/riskittogetthebrisket/pull/1444"", ""https://github.com/jasonleetucker-code/riskittogetthebrisket/pull/1445"", ""https://github.com/jasonleetucker-code/riskittogetthebrisket/blob/f3eacc180309b438c19fcd1e388e1d18d0c53c67/docs/C_SERIES_SCOPE_MANIFEST.md"", ""https://github.com/jasonleetucker-code/riskittogetthebrisket/blob/f3eacc180309b438c19fcd1e388e1d18d0c53c67/docs/OWNER_PRODUCT_BACKLOG_SPEC.md""]",R01,M,"Provider/analyst/model relationships, original and derived observations, training/normalization ancestry, source weights and residual errors",Source-to-author/dataset graph; leave-one-family-out experiments; KTC Market barred as independent target,Low,https://github.com/jasonleetucker-code/riskittogetthebrisket/blob/cd4d522b54522c5eac8228bb0628f0bc4ed6dd1b/scripts/source_inventory.py,NOT EXECUTED IN THIS SESSION
R11,As-known historical generations,C1-HIST-01; C1-HIST-02; C1-HIST-03; C1-ACQ-01/02/03; C3-REPLAY-01,Historical substrate and acquisition proofs already exist. 1437 adds append-only analyst persistence. V1 debt V1-49 is not proof that the whole historical system is absent.,"Canonical temporal, acquisition and history owners",1437 MERGED as-known analyst store; 1346 generation extension,"Audit remaining consumers against actual known-at state, retaining explicit reconstructed/unavailable fidelity and revised-versus-original truth.",EXTEND,Do not create a second temporal store or let raw retention become an authorized decision reader by accident.,"Medium: append-only storage, version migrations, replay and restore drills.",Temporal writer serial; consumers and isolated restoration review parallel.,"Replay a real past decision without today’s roster, rules, player universe, prices or forecasts. Preserve reacquisition holding periods and irrecoverable historical gaps explicitly.",Full current historical replay and every consumer were not executed or certified.,"[""https://github.com/jasonleetucker-code/riskittogetthebrisket/blob/f3eacc180309b438c19fcd1e388e1d18d0c53c67/docs/C_SERIES_EXECUTION_MAP.md"", ""https://github.com/jasonleetucker-code/riskittogetthebrisket/blob/f3eacc180309b438c19fcd1e388e1d18d0c53c67/docs/VERSION_1_COMPLETION_CONTRACT.md"", ""https://github.com/jasonleetucker-code/riskittogetthebrisket/pull/1437"", ""https://github.com/jasonleetucker-code/riskittogetthebrisket/pull/1346"", ""https://github.com/jasonleetucker-code/riskittogetthebrisket/blob/f3eacc180309b438c19fcd1e388e1d18d0c53c67/docs/C_SERIES_SCOPE_MANIFEST.md"", ""https://github.com/jasonleetucker-code/riskittogetthebrisket/blob/f3eacc180309b438c19fcd1e388e1d18d0c53c67/docs/OWNER_PRODUCT_BACKLOG_SPEC.md""]","R01,R07",L,"Immutable observation revisions, available-at timestamps, event times, historical rosters/rules and explicit coverage/fidelity labels",A historical decision resolves only evidence known then; corrected truth stored separately; fidelity reported,Medium,https://github.com/jasonleetucker-code/riskittogetthebrisket/blob/cd4d522b54522c5eac8228bb0628f0bc4ed6dd1b/docs/C_SERIES_EXECUTION_MAP.md,NOT EXECUTED IN THIS SESSION
R12,Versioned decision generation manifest,C8-PERF-01/02/04/05; C1-HIST-01; W1-24,Prepared generation/certification work already exists in the broad draft. Game Day has a bounded generation owner in 1445; a shared idea does not make these identical rollout scopes.,Prepared-serving and temporal-generation owners,1346 DRAFT; 1445 separate transferred Game Day generation scope,Extend compatible generation manifests with league/rules/roster/picks/input hashes/code/model/seed/cutoff and reuse them across rendering and sharing.,CONSOLIDATE,Honor transferred Game Day primitives; do not make all products depend on activating prepared rankings/trade serving.,"Medium: generation retention, integrity validation, bounded invalidation and operational isolation.","1346 owns prepared rankings/trade; 1445 owns its explicitly transferred subset; UI consumes, never recomputes.",No mixed generations; stale-compatible fallback labeled; incompatible context refused; atomic publication survives interruption; public/private summaries identify their intended current/frozen semantics.,Prepared serving remains unmerged and unverified in production. Successful synthetic generation tests are not useful-state acceptance.,"[""https://github.com/jasonleetucker-code/riskittogetthebrisket/blob/f3eacc180309b438c19fcd1e388e1d18d0c53c67/docs/PERFORMANCE_CAMPAIGN.md"", ""https://github.com/jasonleetucker-code/riskittogetthebrisket/pull/1346"", ""https://github.com/jasonleetucker-code/riskittogetthebrisket/pull/1445"", ""https://github.com/jasonleetucker-code/riskittogetthebrisket/blob/f3eacc180309b438c19fcd1e388e1d18d0c53c67/docs/C_SERIES_SCOPE_MANIFEST.md"", ""https://github.com/jasonleetucker-code/riskittogetthebrisket/blob/f3eacc180309b438c19fcd1e388e1d18d0c53c67/docs/OWNER_PRODUCT_BACKLOG_SPEC.md""]","R07,R11",M,"Input IDs/hashes, code/model/scoring versions, league/team context, source cutoffs, seeds and artifact manifests","A result is reproducible from input hashes, model/config versions, league state and seed; atomic publication",Medium,https://github.com/jasonleetucker-code/riskittogetthebrisket/pull/1346,NOT EXECUTED IN THIS SESSION
R13,Task-specific model evaluation workbench,C5-PROJ-E; C10-ML-01; C1-SRC-02; V1-22,"Calibration and model registry gates already exist, including explicit owner-authorized Hill automation exceptions. Research adds task distinctions, not a replacement promotion policy.",Existing model registry/calibration and task evaluation owners,1434/1444 candidate evidence; no new promotion claim,"Separate forecast error, interval coverage, probability calibration, market alignment, action utility and descriptive-ranking consistency; freeze hypotheses and retain failed candidates.",EXTEND,Prospective archiving can start immediately under existing authority; mature comparisons require as-known history and fair baselines.,"Medium: prospective data, periodic offline evaluation and candidate accounting.","Existing evaluator; offline experiments can be parallel, production model writes serial.","Rolling-origin, horizon/scoring-matched tests; no target-family leakage; report simple baselines and failures; maintain current automatic/manual promotion distinctions and explicit exceptions.",No rolling-origin experiment or statistical superiority was reproduced here.,"[""https://github.com/jasonleetucker-code/riskittogetthebrisket/blob/f3eacc180309b438c19fcd1e388e1d18d0c53c67/docs/MATH_MODEL_CALIBRATION_POLICY_2026-08-15.md"", ""https://github.com/jasonleetucker-code/riskittogetthebrisket/blob/f3eacc180309b438c19fcd1e388e1d18d0c53c67/docs/VERSION_1_COMPLETION_CONTRACT.md"", ""https://github.com/jasonleetucker-code/riskittogetthebrisket/pull/1434"", ""https://github.com/jasonleetucker-code/riskittogetthebrisket/pull/1444"", ""https://github.com/jasonleetucker-code/riskittogetthebrisket/blob/f3eacc180309b438c19fcd1e388e1d18d0c53c67/docs/C_SERIES_SCOPE_MANIFEST.md"", ""https://github.com/jasonleetucker-code/riskittogetthebrisket/blob/f3eacc180309b438c19fcd1e388e1d18d0c53c67/docs/OWNER_PRODUCT_BACKLOG_SPEC.md""]","R08,R10,R11",L,"Prospective forecasts, realized host outcomes, dated folds, calibration bins, baseline outputs, rejected candidates and evaluation metrics","Rolling-origin, family-held-out, scoring-specific metrics with calibration and decision-regret baselines; respect existing promotion authorities",Medium,https://github.com/jasonleetucker-code/riskittogetthebrisket/blob/cd4d522b54522c5eac8228bb0628f0bc4ed6dd1b/docs/BACKLOG_REPLAN_2026-09-10.md,NOT EXECUTED IN THIS SESSION
R14,Prospective private decision and offer journal,Candidate extension of C6-MGR-01 / #985 and C1-HIST-01; no new native ID assigned,Manager Scout and historical transactions are existing scope. A prospective rejected/countered-offer journal was not established in inspected current implementation; accepted trades do not provide it.,Private manager intelligence plus temporal owner,No separate active offer-journal implementation verified,"Approve a minimal private, user-entered offer/rationale/expiry/status journal before proposing calibrated acceptance probabilities.",NEW CANDIDATE,Small capture schema may precede mature trade utility. Do not scrape private messages or infer rejected offers from absent transactions.,"Low: owner entry, privacy retention/deletion and sparse-data upkeep.",Private temporal/manager consumer after owner approval; no second history writer.,"Explicit offer terms, parties, known timestamps, outcome visibility, corrections and private access. Unknown response remains unknown; deletion/export boundaries are tested.",Absence is limited to inspected evidence; full native alias/branch census could locate additional existing work.,"[""https://github.com/jasonleetucker-code/riskittogetthebrisket/blob/f3eacc180309b438c19fcd1e388e1d18d0c53c67/docs/OWNER_PRODUCT_BACKLOG_SPEC.md"", ""https://github.com/jasonleetucker-code/riskittogetthebrisket/blob/f3eacc180309b438c19fcd1e388e1d18d0c53c67/docs/C_SERIES_SCOPE_MANIFEST.md""]",R11,M,"Manually logged sent/received/declined/countered offers, alternatives, deadlines, decision rationale and consent-aware private notes","Log offered terms, alternatives, timestamps, status, counteroffers and stated reason; no public strategy leakage",Low,https://thearmchairoffice.com/,NOT EXECUTED IN THIS SESSION
R15,"Adaptive, staggered acquisition control",#1423; PR1425; T-NEW-21 / inventory §7.13 proposed aliases; C4 source-acquisition owner,Content-aware freshness already exists. Adaptive/staggered refresh intake is not runtime implementation; existing timer repairs and the Game Day collector are related but distinct scopes.,Existing acquisition/orchestration owner,1425 OPEN intake documentation; 1407 existing timer repair,"Apply adaptive acquisition through existing source runners: cadence floors, content change, jitter, backoff, bounded browser concurrency, retry and cost accounting.",EXTEND,Do not add a second registry/scheduler or reinterpret legacy collector cadence as action-aware acquisition. Proposed C4-SRC-04 alias is not an extra current 164-row manifest item.,"Medium: monitoring, change-rate learning, browser/resource limits and source-specific failures.",Acquisition owner; Game Day critical cadence is owned by 1445 and not silently rewritten.,No read-triggered scraping; measured request/content-change counts; shared cooldown/concurrency; stale reasons separate from transport; current paused sources stay paused.,Runtime adaptive control and whole-portfolio live scheduling were not established.,"[""https://github.com/jasonleetucker-code/riskittogetthebrisket/blob/f3eacc180309b438c19fcd1e388e1d18d0c53c67/docs/BRISKET_IDEAS.md"", ""https://github.com/jasonleetucker-code/riskittogetthebrisket/blob/f3eacc180309b438c19fcd1e388e1d18d0c53c67/docs/OWNER_REQUESTED_TODO.md"", ""https://github.com/jasonleetucker-code/riskittogetthebrisket/pull/1425"", ""https://github.com/jasonleetucker-code/riskittogetthebrisket/pull/1407"", ""https://github.com/jasonleetucker-code/riskittogetthebrisket/blob/f3eacc180309b438c19fcd1e388e1d18d0c53c67/docs/C_SERIES_SCOPE_MANIFEST.md"", ""https://github.com/jasonleetucker-code/riskittogetthebrisket/blob/f3eacc180309b438c19fcd1e388e1d18d0c53c67/docs/OWNER_PRODUCT_BACKLOG_SPEC.md""]","R06,R10",L,"Observed content-change intervals, source latency, request budgets, event triggers, retry history and decision deadlines","Bounded concurrency, jitter, backoff, content-change learning and game-day priority; no source-permission reopening",Medium,https://github.com/jasonleetucker-code/riskittogetthebrisket/blob/cd4d522b54522c5eac8228bb0628f0bc4ed6dd1b/config/sources/freshness_v1.json,NOT EXECUTED IN THIS SESSION
R16,Live source and coverage inventory artifact,Existing scripts/source_inventory.py; F-SRC-01; C1-SRC-01,Script was read but not run. Main export manifest lists 10 raw export entries: 6 tagged fresh and 4 preserved/mirrored. These tags are not a live per-source/position health census.,Canonical source inventory and data-contract owners,Existing script; no new implementation claim,"Execute the existing inventory in an isolated checkout with actual export and source-state artifacts; retain observed/voted/excluded counts, native fields and freshness.",KEEP,"Execution can precede full model evaluation. Supplement its own forecast/K coverage through the existing projection capability census, not a second source registry.",Low: periodic artifact production and schema-consistent archival.,Existing inventory owner; read-only operational evidence collection.,"Save command, exit status, code/input hashes, observation time, registry and artifact union, per-position counts and exclusions. Missing counts remain null; no fixture or marketing totals substitute for actual data.",NOT EXECUTED: the connector exposed code but no executable repository checkout; outbound filesystem-host access failed DNS. Current source health remains unknown.,"[""https://github.com/jasonleetucker-code/riskittogetthebrisket/blob/f3eacc180309b438c19fcd1e388e1d18d0c53c67/scripts/source_inventory.py"", ""https://github.com/jasonleetucker-code/riskittogetthebrisket/blob/f3eacc180309b438c19fcd1e388e1d18d0c53c67/exports/latest/manifest.json"", ""https://github.com/jasonleetucker-code/riskittogetthebrisket/blob/f3eacc180309b438c19fcd1e388e1d18d0c53c67/docs/C_SERIES_SCOPE_MANIFEST.md"", ""https://github.com/jasonleetucker-code/riskittogetthebrisket/blob/f3eacc180309b438c19fcd1e388e1d18d0c53c67/docs/OWNER_PRODUCT_BACKLOG_SPEC.md""]","R06,R10",S,"All live source registries/raw CSVs, per-position observed/voted/excluded coverage, role declarations and content/fetch clocks","Persist union of registry, raw files and retired keys; count observed/voted/filtered per position with current runtime state",Low,https://github.com/jasonleetucker-code/riskittogetthebrisket/blob/cd4d522b54522c5eac8228bb0628f0bc4ed6dd1b/scripts/source_inventory.py,NOT EXECUTED IN THIS SESSION
R17,Expected marginal best-ball roster utility,#1173; C2-LINE-01; C2-SIM-01; C7-DESK-01,Exact assignment and per-draw Game Day optimization already exist. Expected marginal best-ball utility is already requested in #1173; heuristic depth is not proof of this outcome.,Canonical lineup and seasonal scenario owners; roster-utility consumers,1445 extends the existing Game Day substrate; no duplicate utility-engine claim,"Evaluate paired before/after legal roster outcomes under the same draws, including forced drops, redundancy, insurance and usable depth.",EXTEND,"Reuse typed weekly observations and scoring. Do not require a rich covariance model to begin a clearly labeled baseline, or promote that baseline as calibrated.","Medium: scenario compute, replacement pools, prospective evaluation and caching.",Lineup/scenario writer serial; trade/FAAB consumers after stable contracts; Lane 6 continues.,Optimize each draw before averaging; common random scenarios; real roster eligibility/capacity; marginal contribution versus naive depth baseline; honest insufficient coverage and runtime receipt.,"No demonstrated model gain, calibrated insurance value or broad roster-level marginal-utility completion in this session.","[""https://github.com/jasonleetucker-code/riskittogetthebrisket/blob/f3eacc180309b438c19fcd1e388e1d18d0c53c67/src/ros/lineup.py"", ""https://github.com/jasonleetucker-code/riskittogetthebrisket/blob/f3eacc180309b438c19fcd1e388e1d18d0c53c67/src/ros/game_day_sim.py"", ""https://github.com/jasonleetucker-code/riskittogetthebrisket/pull/1445"", ""https://github.com/jasonleetucker-code/riskittogetthebrisket/blob/f3eacc180309b438c19fcd1e388e1d18d0c53c67/docs/C_SERIES_SCOPE_MANIFEST.md"", ""https://github.com/jasonleetucker-code/riskittogetthebrisket/blob/f3eacc180309b438c19fcd1e388e1d18d0c53c67/docs/OWNER_PRODUCT_BACKLOG_SPEC.md""]","R04,R08,R09",L,"Per-player weekly joint distributions, actual eligible slots, bench and waiver alternatives, roster capacity and paired random scenarios",Paired before-after simulations under same draws; legal lineup every draw; quantify Monte Carlo error and missing coverage,Medium,https://github.com/jasonleetucker-code/riskittogetthebrisket/blob/cd4d522b54522c5eac8228bb0628f0bc4ed6dd1b/src/ros/lineup.py,NOT EXECUTED IN THIS SESSION
R18,Joint NFL role and scoring scenarios,C5-GD-01; C5-ROS-01; #1173; #789,"Main sim-v3 uses one league draw for matchup and median and exact assignment inside draws. That alone does not establish joint NFL pace, QB/receiver or role dependence.",Existing PointsModel/Game Day scenario owner,1445 OPEN; do not create another simulator,Evaluate residual correlation and mutually exclusive role scenarios against the simple baseline; retain paired scenarios across rosters.,EXTEND,Separate weekly football uncertainty from dynasty-market bands and manager behavior. Early evaluation can run before mature product consumers.,"Medium: scenario calibration, shrinkage, outcome archives and compute.",Existing seasonal model owner; offline covariance study disjoint from stable Lane 6 UI.,"Preserve banked facts; test same-game/shared-role relationships, backups, marginal distributions and missing coverage; assess calibration and useful decision changes prospectively without invented gains.","Rich covariance and probability calibration are still research questions, not established production capabilities.","[""https://github.com/jasonleetucker-code/riskittogetthebrisket/blob/f3eacc180309b438c19fcd1e388e1d18d0c53c67/src/ros/game_day_sim.py"", ""https://github.com/jasonleetucker-code/riskittogetthebrisket/pull/1445"", ""https://github.com/jasonleetucker-code/riskittogetthebrisket/blob/f3eacc180309b438c19fcd1e388e1d18d0c53c67/docs/C_SERIES_SCOPE_MANIFEST.md"", ""https://github.com/jasonleetucker-code/riskittogetthebrisket/blob/f3eacc180309b438c19fcd1e388e1d18d0c53c67/docs/OWNER_PRODUCT_BACKLOG_SPEC.md""]","R08,R13,R17",L,"Game/team/role dependencies, usage shares, residual covariance, projected volume, injury/availability scenarios and schedule context",Role/availability scenarios with measured covariance and held-out calibration outperform independent baseline where claimed,Medium,https://github.com/jasonleetucker-code/riskittogetthebrisket/blob/cd4d522b54522c5eac8228bb0628f0bc4ed6dd1b/src/ros/game_day_sim.py,NOT EXECUTED IN THIS SESSION
R19,Probabilistic competitive posture,C7-POST-01; #840; C2-CORE-01,"PUSH/HOLD/RETOOL/REBUILD, probabilities/ambiguity and non-veto behavior are authorized. Current-main demand repairs do not themselves finish posture.",Competitive posture consuming canonical strength/history/pick forecasts,1436 MERGED demand foundation; no new posture writer verified,"Explain current/future competitive windows with ambiguity, meaningful contributors and capital; keep current roster truth separate from speculative futures.",EXTEND,"Future-pick distributions improve mature posture but need not prohibit a limited, honestly uncertain existing view.",Low-to-medium: periodic generation and model evaluation.,Existing posture consumer; no independent strength or pick model.,"Test strong old contenders, young weak rosters and ambiguous cases; no forced trade veto, no missing=zero capital, and no roster-total-age substitution for meaningful contribution.",Calibration of posture probabilities and end-to-end current consumer parity are unverified.,"[""https://github.com/jasonleetucker-code/riskittogetthebrisket/blob/f3eacc180309b438c19fcd1e388e1d18d0c53c67/docs/OWNER_PRODUCT_BACKLOG_SPEC.md"", ""https://github.com/jasonleetucker-code/riskittogetthebrisket/blob/f3eacc180309b438c19fcd1e388e1d18d0c53c67/docs/EXECUTION_PLAN.md"", ""https://github.com/jasonleetucker-code/riskittogetthebrisket/pull/1436"", ""https://github.com/jasonleetucker-code/riskittogetthebrisket/blob/f3eacc180309b438c19fcd1e388e1d18d0c53c67/docs/C_SERIES_SCOPE_MANIFEST.md""]","R17,R32",M,"Continuous current/future strength, age of meaningful contributors, playoff/title scenarios, draft capital and uncertainty","Show probabilities, drivers and sensitivity; HOLD/low-confidence where ambiguous; never hard-veto trades",Low,https://github.com/jasonleetucker-code/riskittogetthebrisket/blob/cd4d522b54522c5eac8228bb0628f0bc4ed6dd1b/docs/EXECUTION_PLAN.md,NOT EXECUTED IN THIS SESSION
R20,Canonical trade decision packet,C7-DESK-01; C3-PKG-01; C3-CAP-01; C3-TOPO-01; #792; #843,"Analyze Trade, forced drops, multi-team destinations, package rules and quiet overrides are native scope. Research is not authority to replace the canonical decision layer with a new universal score.",Canonical trade evaluator/package/legality owners,1441/1436/1439 MERGED; 1442/1346 adjacent OPEN,"Produce a reusable decision packet with separate market, legal roster impact, uncertainty and evidence lenses, preserving cost basis, counterpart context and multi-team outcomes.",EXTEND,"Use existing pick/lineup/temporal owners. Do not wait for every advanced model to complete useful legal/market behavior, but do not fake title equity.","Medium: cached simulations, market evidence and multi-surface regression maintenance.",Trade owner serial; shared data-contract/server/trade-page integration with 1346/1442; disjoint UI stays active.,"One canonical result feeds analyze/equalizer/counteroffer/share/history; players/owned picks unique, generic quantities legitimate; forced-drop net effect, silent overrides/reset, destinations, public-safe sharing and provenance tested.",Full multi-team/utility/prod closure is not proved by merged component repairs.,"[""https://github.com/jasonleetucker-code/riskittogetthebrisket/blob/f3eacc180309b438c19fcd1e388e1d18d0c53c67/docs/OWNER_PRODUCT_BACKLOG_SPEC.md"", ""https://github.com/jasonleetucker-code/riskittogetthebrisket/blob/f3eacc180309b438c19fcd1e388e1d18d0c53c67/docs/MASTER_PRODUCT_PLAN.md"", ""https://github.com/jasonleetucker-code/riskittogetthebrisket/pull/1441"", ""https://github.com/jasonleetucker-code/riskittogetthebrisket/pull/1436"", ""https://github.com/jasonleetucker-code/riskittogetthebrisket/pull/1439"", ""https://github.com/jasonleetucker-code/riskittogetthebrisket/pull/1442"", ""https://github.com/jasonleetucker-code/riskittogetthebrisket/pull/1346"", ""https://github.com/jasonleetucker-code/riskittogetthebrisket/blob/f3eacc180309b438c19fcd1e388e1d18d0c53c67/docs/C_SERIES_SCOPE_MANIFEST.md""]","R03,R04,R12,R17",L,"Trade participants/destinations, players, quantities, owned picks, valuations, legal roster state, forced drops, alternatives and version IDs","One packet supplies market price, roster utility, drops, future capital, uncertainty and counterparty context to all views",Medium,https://github.com/jasonleetucker-code/riskittogetthebrisket/blob/cd4d522b54522c5eac8228bb0628f0bc4ed6dd1b/docs/OWNER_FEATURE_INVENTORY.md,NOT EXECUTED IN THIS SESSION
R21,FAAB acquisition planner with censored demand,C4-FAAB-01; C4-FAAB-02; C7-WAIV-01; #830; #1173,"The native plan already separates own league, Sharp, broad external dynasty and platform attention, and normalizes to original budgets. Winning bids are not all bids.","Existing FAAB market layer, waiver planner and legal roster owner",1436 MERGED; 1407 operational adjacent,"Complete legal claim/drop sequences and distinguish objective ceiling, competitive demand and observed clearing-price evidence; retain all four populations.",EXTEND,Existing allocation policy is preserved pending an explicit decision. Prospective bid/visibility capture need not wait for a sophisticated censored likelihood.,"Medium: waiver sampling, budget/rule state, event dedupe and sparse-market evaluation.",Existing FAAB owner; consume demand/utility primitives rather than own copies.,Original-budget normalization; literal zero bids retained; missing losing bids unknown; attention cannot change objective worth; budget/capacity-valid conditional claim sequence; selected-league mobile task and source coverage.,"Full production market coverage, losing-bid visibility and calibrated clearing prices are unknown.","[""https://github.com/jasonleetucker-code/riskittogetthebrisket/blob/f3eacc180309b438c19fcd1e388e1d18d0c53c67/docs/FAAB_MARKET_SIGNAL_NORMALIZATION_2026-08-14.md"", ""https://github.com/jasonleetucker-code/riskittogetthebrisket/pull/1436"", ""https://github.com/jasonleetucker-code/riskittogetthebrisket/pull/1407"", ""https://github.com/jasonleetucker-code/riskittogetthebrisket/blob/f3eacc180309b438c19fcd1e388e1d18d0c53c67/docs/C_SERIES_SCOPE_MANIFEST.md"", ""https://github.com/jasonleetucker-code/riskittogetthebrisket/blob/f3eacc180309b438c19fcd1e388e1d18d0c53c67/docs/OWNER_PRODUCT_BACKLOG_SPEC.md""]","R04,R08,R14,R17",L,"Budget remaining and original, actual waiver pool, private claim priority, observed winning bids, known losing bids when available, roster utility",Separate user utility ceiling from competitor-demand estimate; normalized original budgets; conditional claim/drop ladder including zero bids,Medium,https://github.com/jasonleetucker-code/riskittogetthebrisket/issues/830,NOT EXECUTED IN THIS SESSION
R22,Draft path and auction opportunity-cost planner,C7-DRAFT-01; C7-DRAFT-02; C7-DRAFT-03,"Draft/auction opportunity-cost planning already exists in the native portfolio, including Sep13 C7-DRAFT-03. It is not merely a generic optimizer idea from the market survey.",Perfect Draft and live-auction canonical state/optimizer owners,Existing approved live-auction scope; 1442 pick lifecycle adjacent,"Finish draft paths and live auction states with actual budgets, holds, roster needs, availability and alternatives; retain the existing marginal-surplus objective.",EXTEND,Do not bring in OR-Tools or a second lineup solver without a constraint gap. Retirement and draft-state legality must stay canonical.,"Medium: event-state maintenance, bounded optimization and on-clock recovery testing.",Existing draft owner; stable PSI draft controls can progress independently of unfinished forecasting.,Bid/lead/outbid/won/hypothetical transitions; actual budget/commitment accounting; conditional alternatives; no raw value-per-dollar dart bias; next-turn availability labeled by cohort/date/coverage; mobile recovery and runtime.,Full live-auction production closure and reliable pick-survival distributions were not verified.,"[""https://github.com/jasonleetucker-code/riskittogetthebrisket/blob/f3eacc180309b438c19fcd1e388e1d18d0c53c67/docs/C_SERIES_SCOPE_MANIFEST.md"", ""https://github.com/jasonleetucker-code/riskittogetthebrisket/blob/f3eacc180309b438c19fcd1e388e1d18d0c53c67/docs/C_SERIES_EXECUTION_MAP.md"", ""https://github.com/jasonleetucker-code/riskittogetthebrisket/pull/1442"", ""https://github.com/jasonleetucker-code/riskittogetthebrisket/blob/f3eacc180309b438c19fcd1e388e1d18d0c53c67/docs/OWNER_PRODUCT_BACKLOG_SPEC.md""]","R03,R04,R08,R17",L,"Live draft board, pick ownership, format/date-matched ADP samples, pick survival, roster demand, auction budgets and legal bids",Compare feasible multi-pick paths and player survival; budget/roster legal; outperform greedy baseline on held-out draft scenarios,Medium,https://store.steampowered.com/app/2356870/Huddle_Genius/,NOT EXECUTED IN THIS SESSION
R23,Universal Player Profile as evidence workspace,C6-UPP-01; #783; #1337; C8-PSI-02,A real player route and populated-route accessibility work exist. Analyst store is now main; that is not yet a complete populated evidence workspace.,Universal Player Profile and canonical entity/navigation owners,1438 MERGED populated-route work; 1446 related Game Day consumer,"Connect value, horizon-specific forecasts, role, claims and source history with a return path to the originating decision; preserve stale/partial/unsupported states.",EXTEND,A delayed projection must not disable static identity/news/history. Reuse entity links and approved PSI primitives.,Medium: evidence joins and content-quality maintenance; no always-on generation implied.,Lane 6/profile owner plus stable API consumers; no second identity resolver.,"Real player task from trade/waiver/rankings/Game Day; hybrid/name collision identity; usable phone layout, focus/back-navigation, source timestamps and unavailable evidence; no private leakage.",1438’s local build/fixture evidence is not fresh authenticated production certification.,"[""https://github.com/jasonleetucker-code/riskittogetthebrisket/blob/f3eacc180309b438c19fcd1e388e1d18d0c53c67/docs/ui/UI_PARALLEL_LEDGER.md"", ""https://github.com/jasonleetucker-code/riskittogetthebrisket/blob/f3eacc180309b438c19fcd1e388e1d18d0c53c67/docs/ui/CALCULATOR_UI_IMPLEMENTATION_CONTRACT.md"", ""https://github.com/jasonleetucker-code/riskittogetthebrisket/pull/1438"", ""https://github.com/jasonleetucker-code/riskittogetthebrisket/pull/1446"", ""https://github.com/jasonleetucker-code/riskittogetthebrisket/blob/f3eacc180309b438c19fcd1e388e1d18d0c53c67/docs/C_SERIES_SCOPE_MANIFEST.md"", ""https://github.com/jasonleetucker-code/riskittogetthebrisket/blob/f3eacc180309b438c19fcd1e388e1d18d0c53c67/docs/OWNER_PRODUCT_BACKLOG_SPEC.md""]","R08,R11,R24,R34",M,"Canonical player identity plus dated values, projections, usage, injuries, contracts, claims, clips and missingness/provenance","Value, season, role, evidence and history tabs use canonical ID and visible freshness; first screen serves an actual decision",Medium,https://github.com/jasonleetucker-code/riskittogetthebrisket/blob/cd4d522b54522c5eac8228bb0628f0bc4ed6dd1b/docs/ui/CALCULATOR_UI_IMPLEMENTATION_CONTRACT.md,NOT EXECUTED IN THIS SESSION
R24,Analyst evidence ledger and claim extraction,C6-ANA-01; C6-FRESH-01; C6-POD-01; C6-YT-01,SQLite append-only persistence and as-of querying moved from the research’s open overlay into main. The PR explicitly does not deliver all ingestion or frontend consumers.,Existing analyst ledger and media extraction owners,1437 MERGED; acquisition/HTTP/UI are separate remaining work,"Attach real producers and canonical consumers with said-at/known-at precision, supersession, author/content dedupe and extraction validation.",EXTEND,Do not build a second analyst store. Media expansion can be staged while preserving approved scope; cost-gated X remains separate.,"Medium: extraction QA, dedupe, source drift, storage and approved compute spend.",Analyst temporal writer serial; disjoint producer adapters and Lane 6 readers consume contracts.,Live or authentic captured claims round-trip through as-of queries; date-only precision is not invented exact time; empty versus unavailable coverage distinct; one opinion syndicated across media cannot become multiple votes.,Current production producer coverage and extraction accuracy were not demonstrated here.,"[""https://github.com/jasonleetucker-code/riskittogetthebrisket/blob/f3eacc180309b438c19fcd1e388e1d18d0c53c67/docs/C_SERIES_EXECUTION_MAP.md"", ""https://github.com/jasonleetucker-code/riskittogetthebrisket/pull/1437"", ""https://github.com/jasonleetucker-code/riskittogetthebrisket/blob/f3eacc180309b438c19fcd1e388e1d18d0c53c67/docs/C_SERIES_SCOPE_MANIFEST.md"", ""https://github.com/jasonleetucker-code/riskittogetthebrisket/blob/f3eacc180309b438c19fcd1e388e1d18d0c53c67/docs/OWNER_PRODUCT_BACKLOG_SPEC.md""]","R10,R11",L,"Analyst identity, primary content URL, timestamps, claim target/horizon, stance/conditions, evidence span, supersession and syndicated-content hashes","Persist known time, said time/precision, author, horizon, stance, evidence and supersession; evaluate extraction before scaling",Medium,https://github.com/jasonleetucker-code/riskittogetthebrisket/pull/1437,NOT EXECUTED IN THIS SESSION
R25,Normalized trade-market evidence ledger,C4-MTL-01; C4-MTL-02; C4-KTC-01; C1-ACQ-03,Trade-market evidence and retention are existing scope. Public rolling windows and accepted transactions cannot stand in for all offers or current population coverage.,Canonical market-trade ledger and acquisition owners,Existing market scope; 1442 quantity/lifecycle dependency,"Preserve normalized all-party assets, dates, original league settings, quantities and visibility; reconcile producer coverage and identity rejects.",EXTEND,Capture perishable transactions before mature comparable-trade or manager models. Keep raw retention separate from authorized decision reads.,"Medium: scheduled acquisition, dedupe, format snapshots and historical storage.",Existing ledger/acquisition owners; downstream read-only comps parallel after stable schema.,"Actual observed counts/pagination/settings, duplicate event rejection, multi-party routing, pick lifecycle/history and failure-versus-empty semantics. No advertised sample size as confidence.",Full market sample completeness and current producer health remain unmeasured.,"[""https://github.com/jasonleetucker-code/riskittogetthebrisket/blob/f3eacc180309b438c19fcd1e388e1d18d0c53c67/docs/C_SERIES_EXECUTION_MAP.md"", ""https://github.com/jasonleetucker-code/riskittogetthebrisket/pull/1442"", ""https://github.com/jasonleetucker-code/riskittogetthebrisket/blob/f3eacc180309b438c19fcd1e388e1d18d0c53c67/docs/C_SERIES_SCOPE_MANIFEST.md"", ""https://github.com/jasonleetucker-code/riskittogetthebrisket/blob/f3eacc180309b438c19fcd1e388e1d18d0c53c67/docs/OWNER_PRODUCT_BACKLOG_SPEC.md""]","R03,R10,R11",L,"Transaction IDs, original source, both asset sides and destinations, league format, date, quantities, pick basis and deduplication confidence","Dedup by native event ID; preserve date, format, assets, quantities and FAAB; report observed sample coverage",Medium,https://github.com/jasonleetucker-code/riskittogetthebrisket/blob/cd4d522b54522c5eac8228bb0628f0bc4ed6dd1b/docs/C_SERIES_SCOPE_MANIFEST.md,NOT EXECUTED IN THIS SESSION
R26,Deterministic weekly report studio,C9-WRS-01; #829; C9-UR-01/02; W1-05..13,Manual External AI is the approved zero-site-LLM default. #829 also contains an Aug20 NFL news/game-dossier enrichment for actual frozen/counting starters and chronology; it must not disappear in a simplified report summary.,Weekly Report Studio and canonical public narrative owners,Existing W1 delivery accepted; no new always-on narrative claim,"Complete the deterministic bundle, structured import/validation/preview/publish flow and real starter-specific NFL evidence. Preserve optional explicitly enabled API modes without making them default.",EXTEND,"Reuse canonical results, projections and publication state. Advanced validation improvements do not erase existing W1 narrative acceptance.",Low default runtime cost plus bounded news collection and owner-directed external generation; no automatic paid narrative spend.,Existing studio/public owner; Lane 6 renderer may progress on versioned payloads.,Real pregame/postgame complete bundle; frozen/counting starter identity; NFL chronology and Monday-comeback context; canonical statistics beat article claims; structured import rejects invalid/private content; deterministic graphics and mobile publishing.,Full expanded Studio scope is not certified by W1’s bounded article workflow. The new enrichment’s current coverage was not fully traced.,"[""https://github.com/jasonleetucker-code/riskittogetthebrisket/blob/f3eacc180309b438c19fcd1e388e1d18d0c53c67/docs/WEEKLY_REPORT_STUDIO_MANUAL_AI_ARCHITECTURE_2026-08-14.md"", ""https://github.com/jasonleetucker-code/riskittogetthebrisket/blob/f3eacc180309b438c19fcd1e388e1d18d0c53c67/docs/season-launch/WEEK_1_LAUNCH_CONTRACT.md"", ""https://github.com/jasonleetucker-code/riskittogetthebrisket/blob/f3eacc180309b438c19fcd1e388e1d18d0c53c67/docs/C_SERIES_SCOPE_MANIFEST.md"", ""https://github.com/jasonleetucker-code/riskittogetthebrisket/blob/f3eacc180309b438c19fcd1e388e1d18d0c53c67/docs/OWNER_PRODUCT_BACKLOG_SPEC.md""]","R05,R11,R12,R29",M,"Frozen weekly results, official ranking history, transactions, matchup narratives, source evidence and public/private redaction rules","Frozen canonical weekly payload, validated narrative slots, source links; manual external-AI default retained",Low,https://github.com/jasonleetucker-code/riskittogetthebrisket/issues/829,NOT EXECUTED IN THIS SESSION
R27,Permanent Premium UI completion lane,C0-PSI-01; C8-PSI-01/02/03; C8-A11Y-01; C8-U1/U2/U3; #1421,Binding PSI contract and UI ledger exist. Game Day’s actual writer is 1446 despite a stale ledger cell saying no confirmed writer. Merged gallery/rankings work is not site-wide UI completion.,Permanent Lane 6 / Premium UI / Frontend under Direction A,1446 ACTIVE OPEN; 1438 MERGED; 1428 chart decision,Maintain useful staffed parallel UI work until route-level product completion; reconcile ledger truth to actual claims only after authorization.,KEEP,"Only affected wiring waits for backend stability. No research DAG, prepared-serving draft or chart decision freezes unrelated UI.","Low recurring operations; continuing interaction, accessibility and visual regression maintenance.",Actual Lane 6: 1446 Game Day; independent approved primitives/routes stay eligible through normal coordination.,"Desktop/phone full tasks, real states/data, accessibility, performance, owner review where required, production evidence and legacy retirement for each route. Backend complete/UI incomplete is not complete.",No fresh production visual audit was performed. Queued branches or passing axe alone do not establish active useful work or full accessibility.,"[""https://github.com/jasonleetucker-code/riskittogetthebrisket/blob/f3eacc180309b438c19fcd1e388e1d18d0c53c67/docs/ui/CALCULATOR_UI_IMPLEMENTATION_CONTRACT.md"", ""https://github.com/jasonleetucker-code/riskittogetthebrisket/blob/f3eacc180309b438c19fcd1e388e1d18d0c53c67/docs/ui/UI_PARALLEL_LEDGER.md"", ""https://github.com/jasonleetucker-code/riskittogetthebrisket/pull/1446"", ""https://github.com/jasonleetucker-code/riskittogetthebrisket/pull/1438"", ""https://github.com/jasonleetucker-code/riskittogetthebrisket/pull/1428"", ""https://github.com/jasonleetucker-code/riskittogetthebrisket/blob/f3eacc180309b438c19fcd1e388e1d18d0c53c67/docs/C_SERIES_SCOPE_MANIFEST.md"", ""https://github.com/jasonleetucker-code/riskittogetthebrisket/blob/f3eacc180309b438c19fcd1e388e1d18d0c53c67/docs/OWNER_PRODUCT_BACKLOG_SPEC.md""]",None,L,"Approved PSI tokens/primitives, route inventory, current contract stability, real desktop/mobile flows and acceptance evidence","Populated mobile/desktop, keyboard, reduced motion, truthful states and task completion; route-level backend gates only",Low,https://github.com/jasonleetucker-code/riskittogetthebrisket/blob/cd4d522b54522c5eac8228bb0628f0bc4ed6dd1b/docs/ui/CALCULATOR_UI_IMPLEMENTATION_CONTRACT.md,NOT EXECUTED IN THIS SESSION
R28,Outcome-first Game Day and rooting intelligence,C5-GD-01; C5-GD-02; CE-20; #789; #1334; #1335; W1-17..28,"Main already implements per-draw legal best ball and joint matchup/median. The active pair adds observed live state, weekly projections, locked baselines, materialized generation and outcome-first UX.",Existing Game Day backend and Lane 6 paired owners,1445 backend e7057b73; 1446 UI 5cc17c78 STACKED ON 1445,"Finish one selected-team live decision path using actual backend results, source coverage, missing states, meaningful swing events, mobile flow and production acceptance.",EXTEND,"1446 is not an independent main-based patch. Backend portions in its diff must be assigned to the paired owner, not a third writer. Do not gate all UI on covariance research.","Medium: live collector, source availability, periodic simulation, materialized reads and immutable locks.",Current paired 1445/1446 workstream; no new Game Day engine or replacement art direction.,"Pregame/live/final, banked-versus-remaining, real zero/negative values, per-draw reassignment, median applicability/ties, correct league switching, corrections, staleness and cross-source failures. Measured phone/desktop tasks, latency during collection, deployed SHA and rollback.",One usable weekly model family is not a multi-family ensemble. PR replay/local tests are author evidence; real deployment and calibration remain unverified.,"[""https://github.com/jasonleetucker-code/riskittogetthebrisket/blob/f3eacc180309b438c19fcd1e388e1d18d0c53c67/src/ros/game_day_sim.py"", ""https://github.com/jasonleetucker-code/riskittogetthebrisket/blob/f3eacc180309b438c19fcd1e388e1d18d0c53c67/docs/GAME_DAY_PROBABILITY_SPEC.md"", ""https://github.com/jasonleetucker-code/riskittogetthebrisket/pull/1445"", ""https://github.com/jasonleetucker-code/riskittogetthebrisket/pull/7057"", ""https://github.com/jasonleetucker-code/riskittogetthebrisket/pull/1446"", ""https://github.com/jasonleetucker-code/riskittogetthebrisket/blob/f3eacc180309b438c19fcd1e388e1d18d0c53c67/docs/C_SERIES_SCOPE_MANIFEST.md"", ""https://github.com/jasonleetucker-code/riskittogetthebrisket/blob/f3eacc180309b438c19fcd1e388e1d18d0c53c67/docs/OWNER_PRODUCT_BACKLOG_SPEC.md""]","R05,R12,R18,R27",L,"Live banked stats, remaining forecasts, NFL clock/status, lineup eligibility, league median rules, joint draws and sensitivity results","Win/median joint outcomes, banked/remaining and top swings first; no fake precision when role or state coverage is missing",Medium,https://github.com/jasonleetucker-code/riskittogetthebrisket/blob/cd4d522b54522c5eac8228bb0628f0bc4ed6dd1b/src/ros/game_day_sim.py,NOT EXECUTED IN THIS SESSION
R29,"Power and playoff model validation, not another rewrite",C5-POW-01; C5-PLAY-01; C5-PROJ-E; #840,"Owner-directed power weights, current-season integrity, table/share parity and completed-week handling are landed repairs. The old frozen-share proposal is superseded for the current card, not for historical publications.",Power Rankings and playoff owners plus evaluator,1397/1398/1400/1401 and 1435 MERGED; no new ranking formula authorized,Validate current descriptive and forward-looking objectives separately and close residual playoff forecast evidence; do not rewrite a settled display contract.,EXTEND,Use actual historical forecasts and scoring cutoffs; record irrecoverable history rather than substitute today’s board.,"Low-to-medium: scheduled evaluation, archived generations and publication QA.",Existing ranking/playoff owners; evaluation parallel to Lane 6 task closure.,Current table/share identical for same generation; historical official publication remains immutable; rolling-origin forecasts against simple baselines; real zero completed weeks; no prior-season/current-league leakage.,No predictive superiority was established. Historical PR repairs do not certify the current deployment.,"[""https://github.com/jasonleetucker-code/riskittogetthebrisket/blob/f3eacc180309b438c19fcd1e388e1d18d0c53c67/docs/MASTER_PRODUCT_PLAN.md"", ""https://github.com/jasonleetucker-code/riskittogetthebrisket/blob/f3eacc180309b438c19fcd1e388e1d18d0c53c67/docs/C_SERIES_EXECUTION_MAP.md"", ""https://github.com/jasonleetucker-code/riskittogetthebrisket/pull/1397"", ""https://github.com/jasonleetucker-code/riskittogetthebrisket/pull/1398"", ""https://github.com/jasonleetucker-code/riskittogetthebrisket/pull/1400"", ""https://github.com/jasonleetucker-code/riskittogetthebrisket/pull/1401"", ""https://github.com/jasonleetucker-code/riskittogetthebrisket/pull/1435"", ""https://github.com/jasonleetucker-code/riskittogetthebrisket/blob/f3eacc180309b438c19fcd1e388e1d18d0c53c67/docs/C_SERIES_SCOPE_MANIFEST.md"", ""https://github.com/jasonleetucker-code/riskittogetthebrisket/blob/f3eacc180309b438c19fcd1e388e1d18d0c53c67/docs/OWNER_PRODUCT_BACKLOG_SPEC.md""]","R05,R08,R11,R13",M,"Complete historical league-weeks, as-of rosters/projections, official results, rules and forward held-out outcomes",Rolling-origin comparison to simple baselines; current table/share parity persists; published history immutable,Low,https://github.com/jasonleetucker-code/riskittogetthebrisket/pull/1397,NOT EXECUTED IN THIS SESSION
R30,Context-matched historical trade comps,C4-MTL-03; C7-DESK-01,Contextual trade comps already appear in native market/trade scope. Research refines cohort and visibility requirements rather than discovering a new product.,Existing market-comps consumer of normalized trade ledger,No separate current comps claim verified,"Rank explainable contemporaneous comps by format, date and asset context and expose important mismatches and sample limits.",EXTEND,Ledger capture can precede ranking sophistication. Comps do not need the full championship-equity model to be useful.,Medium: market collection/storage and bounded retrieval/index maintenance.,Existing ledger reader; no second acquisition source or trade evaluator.,"Time-safe asset values/settings; all parties/quantities; exact match/mismatch explanation; no future values in old comps, no invented comparable when sample is empty; private/public boundary.",Current normalized cross-market coverage and relevance were not independently exercised.,"[""https://github.com/jasonleetucker-code/riskittogetthebrisket/blob/f3eacc180309b438c19fcd1e388e1d18d0c53c67/docs/OWNER_PRODUCT_BACKLOG_SPEC.md"", ""https://github.com/jasonleetucker-code/riskittogetthebrisket/blob/f3eacc180309b438c19fcd1e388e1d18d0c53c67/docs/C_SERIES_SCOPE_MANIFEST.md""]","R20,R25",M,"Normalized completed trades, format/scoring metadata, age of comp, pick identity, value basis and sample/selection limitations","Similarity filters expose date, league size, SF/TEP/IDP, package shape and sample counts; abstain with poor matches",Medium,https://readoptionff.com/is-this-trade-fair,NOT EXECUTED IN THIS SESSION
R31,Manager Scout and calibrated offer likelihood,C6-MGR-01; #985; CE-03,Manager Scout is already requested. Observed completed trades and accepted claims cannot establish rejected-offer probabilities.,"Manager Scout using canonical transactions, needs and private notes",No separate new manager-model claim verified,"Complete descriptive, sample-aware manager tendencies and plausible negotiation context first; make any calibrated offer-likelihood model contingent on suitable prospective outcomes.",REFRAME,"The private journal is a possible new extension, not evidence that all Manager Scout functionality must wait.","Medium: sparse-data maintenance, private history and periodic evaluation.",Existing manager reader; canonical need and asset owners stay authoritative.,"Show observation dates/counts, missing behaviors and uncertainty; do not equate high stakes or inactivity with skill/preference; predictions require observed acceptance/rejection visibility and held-out calibration.",Calibrated acceptance is not demonstrated. Any newly collected private offer data requires owner-approved product/retention scope.,"[""https://github.com/jasonleetucker-code/riskittogetthebrisket/blob/f3eacc180309b438c19fcd1e388e1d18d0c53c67/docs/OWNER_PRODUCT_BACKLOG_SPEC.md"", ""https://github.com/jasonleetucker-code/riskittogetthebrisket/blob/f3eacc180309b438c19fcd1e388e1d18d0c53c67/docs/C_SERIES_SCOPE_MANIFEST.md""]","R14,R20,R25",L,"Observable completed trades plus prospectively logged rejected/countered offers, manager context, time/format and hierarchical cohort priors",First ship descriptive tendencies with shrinkage; probability labels only after prospective held-out offers,Medium,https://github.com/jasonleetucker-code/riskittogetthebrisket/issues/985,NOT EXECUTED IN THIS SESSION
R32,Future pick-slot distributions and capital map,C1-PICK-03; C7-PICKGEN-01; #985 draft-capital surface,"Owned-pick identity, valid horizon and capital views already exist. Lifecycle retirement is not evidence of a calibrated future slot distribution.","Canonical pick forecast, ownership and league-result owners",1442 OPEN lifecycle; existing pick forecasting owner,Use actual original-team lineage and league draft-order rules for slot distributions; expose uncertainty and endogenous strength effects of a trade.,EXTEND,"Preserve the owner’s no-automatic-horizon-roll decision. Unknown ownership/order rules must abstain, not default to another league.","Medium: league-state snapshots, scenario compute and outcome evaluation.",Pick forecast owner serial; Asset Map reader can consume stable known ownership now.,"Unique owned picks, correct original/current owner, distributions under actual order rules, contemporaneous inputs and historical lookup; generic tier quantities remain a distinct asset type.",No current slot-probability calibration or production retirement outcome was verified.,"[""https://github.com/jasonleetucker-code/riskittogetthebrisket/blob/f3eacc180309b438c19fcd1e388e1d18d0c53c67/docs/C_SERIES_EXECUTION_MAP.md"", ""https://github.com/jasonleetucker-code/riskittogetthebrisket/pull/1442"", ""https://github.com/jasonleetucker-code/riskittogetthebrisket/blob/f3eacc180309b438c19fcd1e388e1d18d0c53c67/docs/C_SERIES_SCOPE_MANIFEST.md"", ""https://github.com/jasonleetucker-code/riskittogetthebrisket/blob/f3eacc180309b438c19fcd1e388e1d18d0c53c67/docs/OWNER_PRODUCT_BACKLOG_SPEC.md""]","R03,R11,R13",L,"Actual draft-order rules, owned-pick lineage, final standings/playoff distributions, roster changes and class uncertainty","Joint pick-slot scenarios reflect actual league rules; explain proxy quality, horizon and ownership provenance",Medium,https://github.com/jasonleetucker-code/riskittogetthebrisket/blob/cd4d522b54522c5eac8228bb0628f0bc4ed6dd1b/docs/C_SERIES_SCOPE_MANIFEST.md,NOT EXECUTED IN THIS SESSION
R33,Rookie transition and analog research,C5-FIT-01; #803; C7-DRAFT-01; authorized devy/prospect scope,College/prospect translation is already requested. A famous-player comparable is not a probability of that career outcome.,Existing scoring-fit/prospect and draft owners,No separate active analog-research claim verified,"Add time-safe reference classes and rookie transition scenarios while preserving raw college, draft-capital and role evidence separately.",EXTEND,Do not directly convert college fantasy points to dynasty value. Media/devy is not silently removed by later research prioritization.,"Medium: prospect identity, historical data versions, cohort and out-of-sample validation.",Existing prospect/fit owner; archival research may proceed before mature draft-path models.,No future landing-spot leakage; role/era/scoring cohort disclosure; failed prospects retained; selection/survivorship checks; calibrated distributions or clearly labeled descriptive analogs.,Current complete prospect/development coverage was not traced; selected external datasets require file/version license review before use.,"[""https://github.com/jasonleetucker-code/riskittogetthebrisket/blob/f3eacc180309b438c19fcd1e388e1d18d0c53c67/docs/OWNER_PRODUCT_BACKLOG_SPEC.md"", ""https://github.com/jasonleetucker-code/riskittogetthebrisket/blob/f3eacc180309b438c19fcd1e388e1d18d0c53c67/docs/C_SERIES_SCOPE_MANIFEST.md""]","R08,R11,R13,R34",L,"College production and denominator context, draft capital, age, measurables, role/landing spot, contemporaneous cohorts and NFL outcomes",Time-safe college/athletic/draft/role features; era and position holdouts; compare against draft-capital baseline,Medium,https://www.playerprofiler.com/,NOT EXECUTED IN THIS SESSION
R34,"Opportunity, usage and defensive-role timeline",C5-FIT-01; C5-ST-01; C6-UPP-01; X-06; #802; #803,Opportunity and role context have existing owners. X-06 retires a duplicate opportunity_stats surface; research must not recreate it. Dataset delivery cadence is not uniform.,Canonical opportunity/realized scoring/player-context owners,1445 live/first-down context; existing role-data producers,Connect dated opportunity/usage/defensive-role evidence to player decisions with exact stat vocabulary and source timing.,EXTEND,Do not promise live participation from a dataset delivered after the season. Preserve factual role evidence independently of projection availability.,"Medium: dataset updates, role parsing, aliases, identity and revisions.",Existing opportunity/player-context owner; UI timeline can progress on stable truthful states.,Snaps/routes/targets/touches/IDP roles identify time basis and source; factual observations remain distinct from model/imputation; missing feed never implies zero participation.,Full current role producer coverage and restoration were not verified.,"[""https://github.com/jasonleetucker-code/riskittogetthebrisket/blob/f3eacc180309b438c19fcd1e388e1d18d0c53c67/docs/C_SERIES_SCOPE_MANIFEST.md"", ""https://github.com/jasonleetucker-code/riskittogetthebrisket/blob/f3eacc180309b438c19fcd1e388e1d18d0c53c67/src/nfl_data/realized_points.py"", ""https://github.com/jasonleetucker-code/riskittogetthebrisket/pull/1445"", ""https://github.com/jasonleetucker-code/riskittogetthebrisket/blob/f3eacc180309b438c19fcd1e388e1d18d0c53c67/docs/OWNER_PRODUCT_BACKLOG_SPEC.md""]","R08,R09,R11",L,"Offensive snaps/routes/targets/carries, defensive snaps/alignment/role, team totals, opponent state and collection timestamps","Timestamped role metrics, missing vocabulary and publication delay visible; no postseason dataset passed off as live",Medium,https://github.com/ffverse/ffopportunity,NOT EXECUTED IN THIS SESSION
R35,Contract and coaching context scenarios,C6-UPP-01; C5-FIT-01; existing player-context scope,Contract/coaching context overlaps player intelligence; current complete paths were not established. The research does not authorize a new vendor or multiplier.,Player-context factual data owner,No distinct current contract/coaching scenario claim verified,Present dated factual contract/staff changes and explicitly conditioned role scenarios; integrate only a demonstrated gap through the current context owner.,EXTEND,Static context can be useful before probabilistic succession models; no generic fantasy-value surcharge.,"Medium: factual changes, source drift and rights/version maintenance for any newly selected dataset.",Existing context adapter/reader; schema-based UI independent of speculative modeling.,"Effective versus known dates, source precision, corrections and clear fact/scenario labels; no unverified causal attribution or automatic canonical value change.",Current implementation/coverage remains UNKNOWN beyond the inspected planning foundation.,"[""https://github.com/jasonleetucker-code/riskittogetthebrisket/blob/f3eacc180309b438c19fcd1e388e1d18d0c53c67/docs/OWNER_PRODUCT_BACKLOG_SPEC.md"", ""https://github.com/jasonleetucker-code/riskittogetthebrisket/blob/f3eacc180309b438c19fcd1e388e1d18d0c53c67/docs/C_SERIES_SCOPE_MANIFEST.md""]","R11,R23,R34",M,"Contracts, guarantees, roster transactions, depth charts, coaching/scheme changes, publication time and uncertainty of role implications",Show sourced contract/coaching facts and bounded role scenarios; no deterministic dynasty penalty from contract year,Medium,https://overthecap.com/,NOT EXECUTED IN THIS SESSION
R36,Availability and role-contingency insurance,#1173; C2-LINE-01; C2-SIM-01; C7-WAIV-01,"Bench insurance and redundancy belong to the existing marginal best-ball objective, not an arbitrary permanent handcuff bonus.",Existing best-ball marginal-utility and role scenario owners,1445 shared scenario substrate; no separate insurance engine,Model contingent availability and mutually exclusive backup roles as scenario inputs to the same legal before/after evaluator.,CONSOLIDATE,Combine with R17/R18/R65. Do not duplicate an injury signal as both a projection change and independent confidence vote.,"Medium: role-state evidence, scenario compute and calibration.",Existing simulation/utility owner; safe consumer work only after contract agreement.,Two backups insuring the same event are not double-counted; forced drops and normal-start states included; role uncertainty and limited sample remain visible; compare simple baseline.,Insurance gains and role-transition probabilities were not established.,"[""https://github.com/jasonleetucker-code/riskittogetthebrisket/blob/f3eacc180309b438c19fcd1e388e1d18d0c53c67/src/ros/lineup.py"", ""https://github.com/jasonleetucker-code/riskittogetthebrisket/blob/f3eacc180309b438c19fcd1e388e1d18d0c53c67/src/ros/game_day_sim.py"", ""https://github.com/jasonleetucker-code/riskittogetthebrisket/pull/1445"", ""https://github.com/jasonleetucker-code/riskittogetthebrisket/blob/f3eacc180309b438c19fcd1e388e1d18d0c53c67/docs/C_SERIES_SCOPE_MANIFEST.md"", ""https://github.com/jasonleetucker-code/riskittogetthebrisket/blob/f3eacc180309b438c19fcd1e388e1d18d0c53c67/docs/OWNER_PRODUCT_BACKLOG_SPEC.md""]","R17,R18,R34",L,"Availability states, practice/game designations, historical absences, depth-chart successor probabilities and medically non-diagnostic scenarios",Model injured/starter/backup states jointly; bench-insurance value validated against held-out weeks,Medium,https://www.draftsharks.com/subscribe,NOT EXECUTED IN THIS SESSION
R37,Market-versus-utility-versus-expert valuation lenses,F-VAL-01; F-ROS-01; C5-BDVM-01; C6-EDGE-01; C7-DESK-01,"Market value, BDVM fundamentals and ROS/statistical production already have separate ownership. Exact KTC VA remains advisory rather than the canonical trade decision.","Canonical valuation, seasonal utility and evidence display owners",1434 estimator; 1444 native geometry; 1445 seasonal integration,"Make lenses and units explicit without replacing canonical values, quiet overrides or the approved Analyze Trade decision layer.",REFRAME,A useful disagreement display can precede proof of predictive superiority; it must not imply one lens is the true price.,"Low: coherent labels, provenance and paired-generation maintenance.",Stable display consumers in Lane 6; each calculation remains with its canonical owner.,"Market/utility/expert labels, horizon and units visible; no averaging unlike quantities; no target-family leakage in an edge claim; source contributions and synthetic uncertainty clearly explained.",No demonstrated alpha or universally comparable utility scale.,"[""https://github.com/jasonleetucker-code/riskittogetthebrisket/blob/f3eacc180309b438c19fcd1e388e1d18d0c53c67/docs/OWNER_PRODUCT_BACKLOG_SPEC.md"", ""https://github.com/jasonleetucker-code/riskittogetthebrisket/blob/f3eacc180309b438c19fcd1e388e1d18d0c53c67/src/bdvm/projections.py"", ""https://github.com/jasonleetucker-code/riskittogetthebrisket/pull/1434"", ""https://github.com/jasonleetucker-code/riskittogetthebrisket/pull/1444"", ""https://github.com/jasonleetucker-code/riskittogetthebrisket/pull/1445"", ""https://github.com/jasonleetucker-code/riskittogetthebrisket/blob/f3eacc180309b438c19fcd1e388e1d18d0c53c67/docs/C_SERIES_SCOPE_MANIFEST.md""]","R02,R10,R13,R17",M,"Independent labeled market observations, analyst opinions, expected lineup utility, horizon/risk preferences and uncertainty",Keep each lens labeled; disagreement is information; no second authoritative trade-price scale,Low,https://github.com/jasonleetucker-code/riskittogetthebrisket/blob/cd4d522b54522c5eac8228bb0628f0bc4ed6dd1b/src/api/data_contract.py,NOT EXECUTED IN THIS SESSION
R38,Native-value geometry research and DLF gate,C1-SRC-01; C1-SRC-02; F-SRC-01; existing DLF value gate,Native DLF acquisition is already on main and retained non-voting. 1444 measures one content version and explicitly leaves the gate closed; rank/Hill alignment is not predictive superiority.,DLF measurement and canonical valuation owners,1444 OPEN 09c85bd2; 1430 acquisition MERGED; 1434 adjacent,Collect distinct existing-authorized content versions through the current producer and finish native/rank/transform comparisons and board-impact evaluation before a separate owner decision.,KEEP,"Do not register another voter or reopen source permissions. DLF values and DLF ranks are same-provider members, not independent just because separate fields.",Low: normal authorized capture retention and offline measurements; no new always-on service.,"Existing DLF measurement owner; serial integration with blend changes, read-only analysis parallel.","Native decimals/ranks retained; rank health independent from missing native values; multi-content-version stability, ancestry-aware comparisons and selected task evaluation; explicit promotion decision or continued non-voting.",Current deployed gate/environment and multi-capture state were not measured. The PR reports one version; do not turn repeated identical fetches into stability evidence.,"[""https://github.com/jasonleetucker-code/riskittogetthebrisket/blob/f3eacc180309b438c19fcd1e388e1d18d0c53c67/scripts/source_inventory.py"", ""https://github.com/jasonleetucker-code/riskittogetthebrisket/pull/1444"", ""https://github.com/jasonleetucker-code/riskittogetthebrisket/pull/1430"", ""https://github.com/jasonleetucker-code/riskittogetthebrisket/pull/1434"", ""https://github.com/jasonleetucker-code/riskittogetthebrisket/blob/f3eacc180309b438c19fcd1e388e1d18d0c53c67/docs/C_SERIES_SCOPE_MANIFEST.md"", ""https://github.com/jasonleetucker-code/riskittogetthebrisket/blob/f3eacc180309b438c19fcd1e388e1d18d0c53c67/docs/OWNER_PRODUCT_BACKLOG_SPEC.md""]","R02,R10,R13,R16",M,"Native source values and ranks, multiple real captures, crosswalks, distribution quantiles, rejection rates and held-out external outcomes","Multiple content versions, untouched holdouts and independent outcomes; compare candidate mappings before owner decision",Low,https://github.com/jasonleetucker-code/riskittogetthebrisket/pull/1444,NOT EXECUTED IN THIS SESSION
R39,Value movement attribution and normalization audit,Candidate consumer of C1-HIST-03 / source provenance / C8 generation owners,"Native source fields, history and generation concepts exist. Unified opinion-versus-transformation attribution is an additional consumer, not a second valuation model.",Historical generation and source-attribution owners,1346 generation foundation; no unified attribution product claim verified,"Approve a bounded two-generation attribution view distinguishing opinion, source membership, freshness, identity and normalization changes.",NEW CANDIDATE,Requires reproducible compatible inputs; can prototype offline without editing champion weights or prepared-serving rollout.,Low-to-medium: preserving two generations and counterfactual recomputation.,Existing history/evaluation reader after approval; no competing canonical write path.,Rebuild each generation; report explained components plus residual; disclose order effects for sequential attribution; no claim of exact causal decomposition without method evidence.,No full unified product was established; exact remaining native alias mapping is provisional.,"[""https://github.com/jasonleetucker-code/riskittogetthebrisket/blob/f3eacc180309b438c19fcd1e388e1d18d0c53c67/docs/C_SERIES_EXECUTION_MAP.md"", ""https://github.com/jasonleetucker-code/riskittogetthebrisket/pull/1346"", ""https://github.com/jasonleetucker-code/riskittogetthebrisket/blob/f3eacc180309b438c19fcd1e388e1d18d0c53c67/docs/C_SERIES_SCOPE_MANIFEST.md"", ""https://github.com/jasonleetucker-code/riskittogetthebrisket/blob/f3eacc180309b438c19fcd1e388e1d18d0c53c67/docs/OWNER_PRODUCT_BACKLOG_SPEC.md""]","R10,R11,R12,R37",M,"Previous/current source values, weights, source membership, identity/pick universe, model constants and recomputed counterfactual boards","Explain delta into content, eligibility, weighting, normalization and model changes; reconcile exactly to total movement",Low,https://github.com/jasonleetucker-code/riskittogetthebrisket/blob/cd4d522b54522c5eac8228bb0628f0bc4ed6dd1b/src/api/data_contract.py,NOT EXECUTED IN THIS SESSION
R40,Value-of-information and action-deadline alerts,C7-ALERT-01; CE-29; proposed value-of-information extension,"Notifications/adaptive acquisition are existing scope. Quantitative action value of information is a proposed method extension, not proven by polling more often.",Existing alert/acquisition and action-evaluation owners,1425 intake foundation; no new VOI implementation claim verified,"Prioritize consequential changes before real decision deadlines; begin with transparent sensitivity/rules, not invented dollar VOI.",EXTEND,Baseline alert usefulness can precede R20/R21/R28 maturity; research DAG edges are not an all-product freeze.,"Medium: dedupe, preferences, delivery failures and bounded sensitivity computation.",Existing alert reader; acquisition policy changes coordinated with its owner.,"Known deadlines, meaningful action change, deduped syndicated reports, opt-out/noise controls and honest missing scenarios; compare with simple deadline/impact baselines.",Numerical VOI or measured alert benefit is not established; new prioritization policy needs explicit approval.,"[""https://github.com/jasonleetucker-code/riskittogetthebrisket/blob/f3eacc180309b438c19fcd1e388e1d18d0c53c67/docs/OWNER_PRODUCT_BACKLOG_SPEC.md"", ""https://github.com/jasonleetucker-code/riskittogetthebrisket/pull/1425"", ""https://github.com/jasonleetucker-code/riskittogetthebrisket/blob/f3eacc180309b438c19fcd1e388e1d18d0c53c67/docs/C_SERIES_SCOPE_MANIFEST.md""]","R15,R20,R21,R28",L,"Candidate actions, deadline, uncertain variables, probability of incoming evidence, conditional outcomes and delay/option cost",Prioritize evidence that flips a feasible action before its deadline; show why waiting helps or hurts,Medium,https://github.com/jasonleetucker-code/riskittogetthebrisket/blob/cd4d522b54522c5eac8228bb0628f0bc4ed6dd1b/config/sources/freshness_v1.json,NOT EXECUTED IN THIS SESSION
R41,Robust action frontier and regret budget,Candidate method extension of C7-DESK-01 / C7-AI-02; no new native ID,Legal trade/roster scenario foundations exist; robust-regret frontier is a proposed decision presentation/objective extension.,Existing legal action and scenario owners,No separate active robust-frontier implementation verified,Evaluate a bounded set of legal actions under declared alternative models/preferences and expose average/downside/regret tradeoffs.,NEW CANDIDATE,Do not invent a universal owner utility function or replace the canonical evaluator; require scenario and evaluation evidence before claims.,Medium: repeated paired action evaluation and preference/version upkeep.,Offline evaluator prototype after approval; Lane 6 consumes approved result schema.,All candidates legal; common scenarios; preference assumptions stated; sensitivity to model set shown; small prototype must demonstrate a useful changed decision before broad scope.,"Model set completeness, regret calibration and owner preference specification are unknown.","[""https://github.com/jasonleetucker-code/riskittogetthebrisket/blob/f3eacc180309b438c19fcd1e388e1d18d0c53c67/docs/OWNER_PRODUCT_BACKLOG_SPEC.md"", ""https://github.com/jasonleetucker-code/riskittogetthebrisket/blob/f3eacc180309b438c19fcd1e388e1d18d0c53c67/docs/C_SERIES_SCOPE_MANIFEST.md""]","R13,R18,R20",L,"Plausible model/source/role scenarios, same legal actions under each scenario, utility ranges, worst-case regret and risk constraints","Compare actions across plausible models; show dominance, worst plausible regret and where no clear winner exists",Medium,https://github.com/google/or-tools,NOT EXECUTED IN THIS SESSION
R42,Multi-step transaction plans and reversibility,C7-AI-02 Roster Path Optimizer; C7-DESK-01; C7-WAIV-01; C7-DRAFT-01,The native portfolio already includes Roster Path Optimizer. The research’s absence/novelty framing is too broad.,Existing Roster Path Optimizer and canonical legal-action owners,Existing approved native scope; no separate new path-engine claim,"Complete bounded contingent sequences with actual roster capacity, budgets, failed-action branches, deadlines and reversibility.",EXTEND,Reuse existing trade/waiver/draft legality. External optimizer adoption is conditional on an actual constraint gap and selected-version review.,Medium-to-high with search breadth; bounded candidates and cached state required.,Existing path-planning consumer; no new generic action owner or automatic execution.,Every intermediate state legal; failed trade/claim branch defined; no assumed counterpart cooperation; budgets/expiry/forced drops carried through; bounded runtime and clear mobile plan.,Complete current implementation and production path quality were not verified; no automatic execution authorization.,"[""https://github.com/jasonleetucker-code/riskittogetthebrisket/blob/f3eacc180309b438c19fcd1e388e1d18d0c53c67/docs/C_SERIES_EXECUTION_MAP.md"", ""https://github.com/jasonleetucker-code/riskittogetthebrisket/blob/f3eacc180309b438c19fcd1e388e1d18d0c53c67/docs/OWNER_PRODUCT_BACKLOG_SPEC.md"", ""https://github.com/jasonleetucker-code/riskittogetthebrisket/blob/f3eacc180309b438c19fcd1e388e1d18d0c53c67/docs/C_SERIES_SCOPE_MANIFEST.md""]","R14,R20,R21,R22",L,"Current and projected roster state, offer/claim deadlines, budgets, capacity, conditional availability and successor action legality",Generate legal contingent sequences with human confirmation and failure branches; no assumed guaranteed acceptance,Medium,https://github.com/google/or-tools,NOT EXECUTED IN THIS SESSION
R43,Cross-league exposure and feasible rooting intervals,CE-06 Portfolio; C7-CMD-01; C5-GD-01; #985,Exposure primitives are existing scope. Cross-league feasible rooting intervals are an extra consumer; raw league points or unlike dynasty-value units cannot be summed.,Existing cross-league exposure and Game Day owners,1439 exposure MERGED; 1445/1446 Game Day extension,Map shared NFL scenarios through each chosen league’s own scoring/rules and disclose conflicting objectives.,EXTEND,Descriptive exposure can ship without a calibrated multi-league probability model. Preserve per-league context and privacy.,Medium: multiple league snapshots and shared scenario computation.,Existing portfolio reader; no second simulator; current Game Day UI not blocked by this later consumer.,Same football event across different scoring cards; correct managed/best-ball/median rules; explicit owner weights; missing league coverage not zero; no incompatible raw total.,Feasible-interval or multi-league calibration not demonstrated.,"[""https://github.com/jasonleetucker-code/riskittogetthebrisket/blob/f3eacc180309b438c19fcd1e388e1d18d0c53c67/docs/MASTER_PRODUCT_PLAN.md"", ""https://github.com/jasonleetucker-code/riskittogetthebrisket/pull/1439"", ""https://github.com/jasonleetucker-code/riskittogetthebrisket/pull/1445"", ""https://github.com/jasonleetucker-code/riskittogetthebrisket/pull/1446"", ""https://github.com/jasonleetucker-code/riskittogetthebrisket/blob/f3eacc180309b438c19fcd1e388e1d18d0c53c67/docs/C_SERIES_SCOPE_MANIFEST.md"", ""https://github.com/jasonleetucker-code/riskittogetthebrisket/blob/f3eacc180309b438c19fcd1e388e1d18d0c53c67/docs/OWNER_PRODUCT_BACKLOG_SPEC.md""]","R07,R18,R28",M,"All selected league exposures, actual scoring/rules, shared player/game outcomes, objectives and conflict intervals",Reuse one NFL outcome per player across leagues; do not sum unlike market-value scales; show conflicting score intervals,Medium,https://thearmchairoffice.com/,NOT EXECUTED IN THIS SESSION
R44,Personalized decision-quality feedback,CE-28 feedback / OD-06; C1-HIST-01; proposed private decision-journal consumer,"Historical replay and feedback concepts exist, but the proposed personalized process/outcome grading needs a defined scope and rubric.",Temporal and approved feedback/governance owners,No new feedback implementation authorized here,Approve a prospective process rubric and private review of alternatives separately from realized success.,NEW CANDIDATE,A journal can start before outcome maturity; reconstructed history cannot become an exact original forecast.,"Low: private records, rubric versions and periodic review.",Existing history reader after owner decision; no second learning or scoring pipeline.,"Predeclare rubric, alternatives and known evidence; separate luck from process without hindsight relabeling; preserve deletes/privacy and report missing counterfactuals.",OD-06/feedback scope and complete prior implementation require final native reconciliation; no model gains predicted.,"[""https://github.com/jasonleetucker-code/riskittogetthebrisket/blob/f3eacc180309b438c19fcd1e388e1d18d0c53c67/docs/C_SERIES_SCOPE_MANIFEST.md"", ""https://github.com/jasonleetucker-code/riskittogetthebrisket/blob/f3eacc180309b438c19fcd1e388e1d18d0c53c67/docs/OWNER_PRODUCT_BACKLOG_SPEC.md""]","R11,R13,R14",M,"Dated rationale, expected outcomes, foregone alternatives, confidence, final outcomes and outcome-independent process rubric","Separate forecast error, action quality, luck and missing evidence; no causal claim from observational before/after alone",Low,https://github.com/jasonleetucker-code/riskittogetthebrisket/blob/cd4d522b54522c5eac8228bb0628f0bc4ed6dd1b/docs/C_SERIES_EXECUTION_MAP.md,NOT EXECUTED IN THIS SESSION
R45,Rule elasticity and lineup shadow prices,CE-17 League Format / Utilization Lab; C2-LINE-01; C5-FIT-01; F-SCORE-01/02,A scoring/utilization lab is already approved. Marginal slot shadow-price interpretation extends it rather than creating a new scoring engine.,"Canonical scorer, lineup and format-lab owners",Existing native Lab scope; #803 and #1173 dependencies,Separate direct rule rescoring from replacement/lineup feedback and explain which archetypes change under proposed rules.,EXTEND,Historical exact rescoring may precede a full stochastic utility model. Changing league rules remains manual and separately authorized.,Low-to-medium: cached historical rescoring and scenario comparisons.,Existing Lab reader; canonical scoring and eligibility writers remain singular.,"Golden historical cards, threshold cases, IDP/ST, two-TE/superflex; identical settings give identical outputs; separate fixed-roster versus reoptimized effects; no unannounced live rule change.",No validated roster-economic elasticity or shadow-price superiority is claimed.,"[""https://github.com/jasonleetucker-code/riskittogetthebrisket/blob/f3eacc180309b438c19fcd1e388e1d18d0c53c67/docs/OWNER_PRODUCT_BACKLOG_SPEC.md"", ""https://github.com/jasonleetucker-code/riskittogetthebrisket/pull/803"", ""https://github.com/jasonleetucker-code/riskittogetthebrisket/pull/1173"", ""https://github.com/jasonleetucker-code/riskittogetthebrisket/blob/f3eacc180309b438c19fcd1e388e1d18d0c53c67/docs/C_SERIES_SCOPE_MANIFEST.md""]","R04,R09,R17",M,"Alternative scoring/slot rules, raw stat histories, replacement pools, legal lineups and marginal utility under each rule",Perturb one legal rule at a time; show contribution/roster-demand effects without automatically changing the league,Low,https://github.com/jasonleetucker-code/riskittogetthebrisket/blob/cd4d522b54522c5eac8228bb0628f0bc4ed6dd1b/src/ros/lineup.py,NOT EXECUTED IN THIS SESSION
R46,Data-loss resilience and recommendation stability,C8-PERF-01/02; F-SRC-01; C7-DESK-01,Last-good source safety is already implemented. Decision-specific recommendation stability under source loss is a further evaluation/read-layer feature.,Serving resilience and existing decision-evaluation owners,1346 DRAFT; 1395 probes; 1445 live generation scope,"Assess whether a missing source can change this action; show stable, sensitive or insufficient evidence instead of a universal reassuring health badge.",EXTEND,Do not bypass current source-role gates or treat a preserved generation as freshly collected data.,Low-to-medium: offline/source-loss scenarios and cached sensitivity outputs.,Existing evaluator/serving owners; UI truth states may be implemented independently.,Remove eligible sources/families on pinned inputs; record action switches and assumption-dependent loss; source outages preserve good serving but reveal age/coverage; abstain when evidence is insufficient.,No observed recommendation-stability benefit or fresh production outage measurement.,"[""https://github.com/jasonleetucker-code/riskittogetthebrisket/blob/f3eacc180309b438c19fcd1e388e1d18d0c53c67/scripts/source_inventory.py"", ""https://github.com/jasonleetucker-code/riskittogetthebrisket/blob/f3eacc180309b438c19fcd1e388e1d18d0c53c67/docs/PERFORMANCE_CAMPAIGN.md"", ""https://github.com/jasonleetucker-code/riskittogetthebrisket/pull/1346"", ""https://github.com/jasonleetucker-code/riskittogetthebrisket/pull/1395"", ""https://github.com/jasonleetucker-code/riskittogetthebrisket/pull/1445"", ""https://github.com/jasonleetucker-code/riskittogetthebrisket/blob/f3eacc180309b438c19fcd1e388e1d18d0c53c67/docs/C_SERIES_SCOPE_MANIFEST.md"", ""https://github.com/jasonleetucker-code/riskittogetthebrisket/blob/f3eacc180309b438c19fcd1e388e1d18d0c53c67/docs/OWNER_PRODUCT_BACKLOG_SPEC.md""]","R06,R10,R13,R20",M,"Source-loss/staleness scenarios, parser failures, impacted observations, alternative models and action changes under degraded evidence",Remove each source family in shadow evaluation; expose unstable recommendations and conservative abstention,Low,https://github.com/jasonleetucker-code/riskittogetthebrisket/blob/cd4d522b54522c5eac8228bb0628f0bc4ed6dd1b/scripts/source_inventory.py,NOT EXECUTED IN THIS SESSION
R47,"League liquidity, scarcity and partner map",C7-AI-03 liquidity; C6-MGR-01; #985 Asset Map,"Liquidity, partner needs and Asset Map overlap native scope. Public successful trades do not reveal willingness to accept every hypothetical offer.",Existing liquidity/manager/asset-map consumers,No separate new liquidity-engine claim verified,"Link observed trade networks, actual needs, capital and owner behavior with explicit sample and time limits.",EXTEND,Use canonical demand and ownership; descriptive maps can precede acceptance models and a complete private journal.,Low: graph summaries and periodic evidence updates.,Existing intelligence readers; no separate roster-strength/need formula.,"Correct owner/asset lineage, sample windows and format; distinguish inactivity from missing data; no fabricated partner probabilities; private manager notes excluded from public views.",Current end-to-end map and behavioral coverage unverified.,"[""https://github.com/jasonleetucker-code/riskittogetthebrisket/blob/f3eacc180309b438c19fcd1e388e1d18d0c53c67/docs/C_SERIES_EXECUTION_MAP.md"", ""https://github.com/jasonleetucker-code/riskittogetthebrisket/blob/f3eacc180309b438c19fcd1e388e1d18d0c53c67/docs/C_SERIES_SCOPE_MANIFEST.md"", ""https://github.com/jasonleetucker-code/riskittogetthebrisket/blob/f3eacc180309b438c19fcd1e388e1d18d0c53c67/docs/OWNER_PRODUCT_BACKLOG_SPEC.md""]","R14,R25,R31",M,"Observed transactions, time-to-completion, partner networks, held assets, observed prices, zero-trade periods and censored offers","Show observational buyer/seller needs, trade recency and concentration; shrink sparse estimates rather than infer intent",Low,https://github.com/jasonleetucker-code/riskittogetthebrisket/issues/985,NOT EXECUTED IN THIS SESSION
R48,"League Pulse, parity and franchise lifecycle",#985 League Pulse / Asset Map; C6-MGR-01; C9 public-safe history consumers,"League Pulse/Asset Map are owner ideas already. #985 also preserves saved/recent/favorite leagues and public-safe frictionless league entry, distinct from rejected general canonical onboarding.",Existing #985 outcome owners and canonical league/history owners,No new standalone Pulse backend claim verified,"Complete the native Pulse/Asset Map outcomes and preserve the associated entry/navigation scope while reusing results, needs and capital.",KEEP,Do not add an independent strength formula or delete #985 entry UX under X-07’s different rejection.,Low: periodic materialization and evidence joins.,Existing #985 consumers and disjoint Lane 6 navigation; privacy owner governs public summaries.,Real league activity/parity/capital without missing zeros; consistent selected league; useful mobile entry/return; private scouting never enters public Pulse.,Not every #985 sub-outcome was traced to current code; retain owner outcome rather than declaring the whole family absent or complete.,"[""https://github.com/jasonleetucker-code/riskittogetthebrisket/blob/f3eacc180309b438c19fcd1e388e1d18d0c53c67/docs/OWNER_PRODUCT_BACKLOG_SPEC.md"", ""https://github.com/jasonleetucker-code/riskittogetthebrisket/blob/f3eacc180309b438c19fcd1e388e1d18d0c53c67/docs/C_SERIES_SCOPE_MANIFEST.md""]","R11,R19,R25,R32",M,"Historical franchise rosters/capital, rankings, results, activity and manager continuity with contextual league rules","One historical story with strength, capital and activity; no psychological labels or unnecessary private data",Low,https://github.com/jasonleetucker-code/riskittogetthebrisket/issues/985,NOT EXECUTED IN THIS SESSION
R49,Player-entity navigation and comparison primitives,#1337; C6-UPP-01; C8-PSI-02; C8-A11Y-01,Universal player links and comparison primitives are native work. An individual route’s repair does not certify all lists and cards.,Canonical entity navigation and PSI primitives owner,1438 MERGED; 1446 current Game Day entity consumer,"Complete shared player/entity interaction and context-preserving comparisons across trade, rankings, waivers, Game Day and player profiles.",KEEP,Stable primitives do not depend on every model/backend route finishing. Avoid broad shell overlap with 1346.,Low: interaction/accessibility regression maintenance.,Lane 6 existing primitive owner; route consumers parallel where files are disjoint.,"Exact identity for ambiguous names/hybrids/rookies, keyboard/touch operation, correct league context, return path and no duplicate resolver; public/private destination checks.",Current production navigation parity across all surfaces is unverified.,"[""https://github.com/jasonleetucker-code/riskittogetthebrisket/blob/f3eacc180309b438c19fcd1e388e1d18d0c53c67/docs/ui/CALCULATOR_UI_IMPLEMENTATION_CONTRACT.md"", ""https://github.com/jasonleetucker-code/riskittogetthebrisket/pull/1438"", ""https://github.com/jasonleetucker-code/riskittogetthebrisket/pull/1446"", ""https://github.com/jasonleetucker-code/riskittogetthebrisket/blob/f3eacc180309b438c19fcd1e388e1d18d0c53c67/docs/C_SERIES_SCOPE_MANIFEST.md"", ""https://github.com/jasonleetucker-code/riskittogetthebrisket/blob/f3eacc180309b438c19fcd1e388e1d18d0c53c67/docs/OWNER_PRODUCT_BACKLOG_SPEC.md""]","R01,R27",M,"Stable player/asset IDs, alias/role labels, route destinations, name disambiguation and public/private navigation permissions",Every meaningful player reference reaches the right player; keyboard/mobile accessible; team/position resolve ambiguity,Low,https://github.com/jasonleetucker-code/riskittogetthebrisket/issues/1337,NOT EXECUTED IN THIS SESSION
R50,Evidence-first notifications and digest control,C7-ALERT-01; CE-29; C6-FRESH-01,Alerts/digests and freshness-aware analyst evidence are existing scope. A larger source count or always-on LLM does not establish useful notifications.,"Existing evidence-change, alert and preference owners",1425 acquisition intake; 1437 analyst substrate MERGED,"Connect deduped factual/claim changes to selected-team decisions, preferences and deadlines; use deterministic summaries when sufficient.",EXTEND,Practical low-noise rules need not wait for numerical VOI. Preserve source and content ancestry.,"Medium: delivery retries, rate limits, preferences, dedupe and approved generation spend.",Existing alert reader; independent UI preferences/states may proceed through Lane 6.,No repeated alert for syndicated content; precise known time and source; selected-team SELL rule; opt-out/quiet hours and stale/withdrawn claims; article text cannot execute tools or roster writes.,"Live delivery quality, extraction precision and action benefit were not measured.","[""https://github.com/jasonleetucker-code/riskittogetthebrisket/blob/f3eacc180309b438c19fcd1e388e1d18d0c53c67/docs/OWNER_REQUESTED_TODO.md"", ""https://github.com/jasonleetucker-code/riskittogetthebrisket/pull/1425"", ""https://github.com/jasonleetucker-code/riskittogetthebrisket/pull/1437"", ""https://github.com/jasonleetucker-code/riskittogetthebrisket/blob/f3eacc180309b438c19fcd1e388e1d18d0c53c67/docs/C_SERIES_SCOPE_MANIFEST.md"", ""https://github.com/jasonleetucker-code/riskittogetthebrisket/blob/f3eacc180309b438c19fcd1e388e1d18d0c53c67/docs/OWNER_PRODUCT_BACKLOG_SPEC.md""]","R15,R24,R40",M,"Typed change events, active decisions, user urgency preferences, prior alerts, dedupe keys, quiet hours and permission boundaries","Deduplicate event families, respect quiet hours and per-user limits, link to evidence and reversible actions",Medium,https://github.com/dtcarls/fantasy_football_chat_bot,NOT EXECUTED IN THIS SESSION
R51,"Archive, backup and restoration observability",C1-RET-01..08; W1-02; W1-03; W1-04,"W1-03 has later successful Game Day backup/restoration proof, including 24 restored Game Day files; W1-04 has authentic pre-lock capture evidence. Earlier failed restore proof must not be recycled as current absence. C1-RET-07 remains an honestly stale/no-producer state in its bounded contract.","Existing retention, Game Day archival and backup/restore owners",Established W1 producer/restore receipts; 1445 adds new stream types,"Verify current scheduled producer coverage, new-stream inclusion, checksums and isolated restoration; preserve accepted historical proof and distinguish raw retention from decision reads.",EXTEND,"Do not create duplicate timers/stores. New projection/analyst raw streams need their own inclusion proof, not automatic credit from existing Game Day archives.","Medium: storage, backup, restoration drills, alerts and retention policies.",Existing retention writer; isolated restore/audit work can run in parallel without changing production reads.,"A real scheduled output, backup manifest/hash and isolated restore for each required stream; replay does not read today’s data; private notes/credentials isolated; stale/missing producer explicit.","Historical production proof is recorded, but no new current restore or complete 22-stream audit was executed here.","[""https://github.com/jasonleetucker-code/riskittogetthebrisket/blob/f3eacc180309b438c19fcd1e388e1d18d0c53c67/docs/season-launch/WEEK_1_LAUNCH_CONTRACT.md"", ""https://github.com/jasonleetucker-code/riskittogetthebrisket/blob/f3eacc180309b438c19fcd1e388e1d18d0c53c67/docs/C_SERIES_SCOPE_MANIFEST.md"", ""https://github.com/jasonleetucker-code/riskittogetthebrisket/pull/1445"", ""https://github.com/jasonleetucker-code/riskittogetthebrisket/blob/f3eacc180309b438c19fcd1e388e1d18d0c53c67/docs/OWNER_PRODUCT_BACKLOG_SPEC.md""]","R06,R11,R16",M,"Archive manifests, content hashes, producer timers, backup inventories, restore logs, access controls and retention policy","Freshness/coverage alarms per stream, content-addressed cold storage, sampled restore and as-of replay drill",Medium,https://github.com/jasonleetucker-code/riskittogetthebrisket/blob/cd4d522b54522c5eac8228bb0628f0bc4ed6dd1b/docs/C_SERIES_EXECUTION_MAP.md,NOT EXECUTED IN THIS SESSION
R52,Source-cost and compute-budget controls,C0-PERF-01; C8-PERF-01/02; C7-ALERT-01; C6-POD/YT/X scope,"Resource/cost controls and paused sources already constrain the project. Report storage ranges are illustrative, not measured operating cost.","Existing source acquisition, compute and media cost owners",1346 serving; 1445 collector; 1425 adaptive intake,"Measure actual requests, parser/browser time, generated bytes, retention and compute by existing owner; enforce shared budgets rather than a new cost platform.",CONSOLIDATE,"Respect existing source authorization, X spend gate and ETR pause. Data permissions are not reopened; new spend is a separate decision.","Medium: metering, alerts and periodic budget review; dollar amount UNKNOWN until measured.","Existing acquisition/performance owners; no competing scheduler, credential store or broad browser concurrency change.",Report cost/byte/request metrics by source and horizon; backpressure and retry limits; serve cached compatible results during compute; no secrets in logs; no invented storage sum across overlapping streams.,"No actual per-source recurring costs, compression ratio or full host runtime budget was measured.","[""https://github.com/jasonleetucker-code/riskittogetthebrisket/blob/f3eacc180309b438c19fcd1e388e1d18d0c53c67/docs/PERFORMANCE_CAMPAIGN.md"", ""https://github.com/jasonleetucker-code/riskittogetthebrisket/blob/f3eacc180309b438c19fcd1e388e1d18d0c53c67/docs/OWNER_REQUESTED_TODO.md"", ""https://github.com/jasonleetucker-code/riskittogetthebrisket/pull/1346"", ""https://github.com/jasonleetucker-code/riskittogetthebrisket/pull/1445"", ""https://github.com/jasonleetucker-code/riskittogetthebrisket/pull/1425"", ""https://github.com/jasonleetucker-code/riskittogetthebrisket/blob/f3eacc180309b438c19fcd1e388e1d18d0c53c67/docs/C_SERIES_SCOPE_MANIFEST.md"", ""https://github.com/jasonleetucker-code/riskittogetthebrisket/blob/f3eacc180309b438c19fcd1e388e1d18d0c53c67/docs/OWNER_PRODUCT_BACKLOG_SPEC.md""]","R06,R15,R24",M,"Requests, bytes, duration, memory/CPU, failure rates, vendor quotas, infrastructure rates supplied by owner and outcome utility",Track CPU/memory/request spend per useful content change; cap concurrency and paid extraction; preserve owner cost decisions,Medium,https://github.com/jasonleetucker-code/riskittogetthebrisket/pull/1346,NOT EXECUTED IN THIS SESSION
R53,Open-source adoption manifest and security gates,C0 governance / dependency review; F-EXT-01..03 not a license substitute,"The 22 OSS entries are screens, not security certification. Current source-use attestation does not establish a license for arbitrary external code or datasets.",Existing dependency/security and selected capability owner,No external library/code import selected or authorized by this exercise,Require a selected-file/version adoption record when an actual reuse decision arises; avoid a new blanket code-import program or unnecessary permission audit of existing sources.,REFRAME,No shortlisted library is required merely because research mentions it. Reuse must enter through an existing identity/scoring/lineup/history owner.,"Low per deliberate selection: license notices, dependency inventory, vulnerability review, adapter tests and update/rollback responsibility.",Dependency reviewer plus actual capability owner; does not block unrelated UI or existing authorized sources.,Pin commit/version and imported files; distinguish code/data/upstream grants; review notices and transitive dependencies; prove adapter parity and rollback. No current Dynamo/Dynasty-Daddy source identity assumption from a similarly named repo.,No complete dependency/security audit or selected-version license certification was performed.,"[""https://github.com/jasonleetucker-code/riskittogetthebrisket/blob/f3eacc180309b438c19fcd1e388e1d18d0c53c67/docs/OWNER_PRODUCT_BACKLOG_SPEC.md"", ""https://github.com/jasonleetucker-code/riskittogetthebrisket/blob/f3eacc180309b438c19fcd1e388e1d18d0c53c67/docs/C_SERIES_SCOPE_MANIFEST.md""]",None,S,"Selected repository commit/version, SPDX/file license, dependencies, notices, vulnerability output and adaptation diffs","Pin repo+commit+license+files, notices, transitive audit, maintenance owner and rollback; no blanket security clearance",Low,https://github.com/ffverse/ffopportunity,NOT EXECUTED IN THIS SESSION
R54,Mobile task acceptance and chart-accessibility closure,C8-A11Y-01; C8-PSI-01/02/03; #1428; #1337,"Populated-route local accessibility tests have advanced since research. The chart decision gates that treatment only, not all Lane 6 work.",Lane 6 / approved PSI task and accessibility owners,1446 OPEN; 1438 MERGED; chart #1428 remains bounded owner decision,"Finish real phone/desktop task, chart contrast/interpretation, keyboard/focus and production acceptance on existing approved Direction A.",KEEP,Use existing tokens/reference; do not redesign colors or invent reduced mobile capability. Backend instability gates affected wiring only.,Low: repeated route-affecting release checks and retained visual evidence.,Active 1446 plus disjoint approved UI primitives; no additional global UI program.,"Real 390px-class phone and desktop workflows; no page overflow/lost action or empty-state flash; accessible chart meaning/contrast, reduced motion, focus/keyboard and assistive naming; deploy SHA/screenshots/timing and owner review where required.",Automated axe/local replay is insufficient for chart/manual/production acceptance; no fresh production tasks here.,"[""https://github.com/jasonleetucker-code/riskittogetthebrisket/blob/f3eacc180309b438c19fcd1e388e1d18d0c53c67/docs/ui/CALCULATOR_UI_IMPLEMENTATION_CONTRACT.md"", ""https://github.com/jasonleetucker-code/riskittogetthebrisket/blob/f3eacc180309b438c19fcd1e388e1d18d0c53c67/docs/ui/UI_PARALLEL_LEDGER.md"", ""https://github.com/jasonleetucker-code/riskittogetthebrisket/pull/1446"", ""https://github.com/jasonleetucker-code/riskittogetthebrisket/pull/1438"", ""https://github.com/jasonleetucker-code/riskittogetthebrisket/pull/1428"", ""https://github.com/jasonleetucker-code/riskittogetthebrisket/blob/f3eacc180309b438c19fcd1e388e1d18d0c53c67/docs/C_SERIES_SCOPE_MANIFEST.md"", ""https://github.com/jasonleetucker-code/riskittogetthebrisket/blob/f3eacc180309b438c19fcd1e388e1d18d0c53c67/docs/OWNER_PRODUCT_BACKLOG_SPEC.md""]","R27,R49",M,"Real mobile viewports and touch flows, keyboard/focus behavior, accessible names, chart tables, contrast and response timings","Populated end-to-end tasks at 390/1366 and keyboard; manual non-text contrast, focus and chart meaning tests",Low,https://github.com/jasonleetucker-code/riskittogetthebrisket/pull/1438,NOT EXECUTED IN THIS SESSION
R55,Scoring-change research sandbox,CE-17 League Format / Utilization Lab; #803; C5-FIT-01,Scoring-change exploration already overlaps the approved format/utilization lab and player-specific scoring fit.,Existing scoring/format research sandbox owner,"Same native scope as R45, not another scoring app or scorer",Keep one versioned what-if surface and separate hypothetical rules from live league truth.,CONSOLIDATE,"Merge this research refinement with R45’s acceptance, not with the production scoring configuration.",Low: cached historical recomputation and fixture upkeep.,Existing lab reader; Lane 6 consumes stable comparison data.,"Original and hypothetical cards shown; baseline identity and data cutoff fixed; exact repeatability, nonlinear limitations and IDP/ST coverage; no silent live rule updates.",No new sandbox production certification or model gain is claimed.,"[""https://github.com/jasonleetucker-code/riskittogetthebrisket/blob/f3eacc180309b438c19fcd1e388e1d18d0c53c67/docs/OWNER_PRODUCT_BACKLOG_SPEC.md"", ""https://github.com/jasonleetucker-code/riskittogetthebrisket/blob/f3eacc180309b438c19fcd1e388e1d18d0c53c67/docs/C_SERIES_SCOPE_MANIFEST.md""]","R09,R13,R45",M,"Hypothetical rule cards, unmodified raw historical stats, affected player/position/roster distributions and uncertainty","Replay historical raw stats under proposed rules; show positions, replacement, correlations and family impact without modifying host settings",Low,https://github.com/jasonleetucker-code/riskittogetthebrisket/blob/cd4d522b54522c5eac8228bb0628f0bc4ed6dd1b/src/bdvm/projections.py,NOT EXECUTED IN THIS SESSION
R56,IDP and kicker projection depth,C5-ROS-01; C5-PROJ-B/C/D; #854; C5-ST-01,Main has genuine seasonal IDP producers. New branch adapters explicitly include K and IDP coverage but source support and live row coverage are not the same; keyed APIs remain flag-off.,"Existing projection adapters, scoring and coverage owners",1445 weekly Sleeper/RotoWire and keyed FN/SDIO branches,Measure actual forecast depth and category support for DL/LB/DB/K at each horizon; close real coverage gaps within the existing source portfolio and approved gates.,EXTEND,"The canonical dynasty source inventory does not provide all forecast/K categories; use the existing projection census as its companion, not a competing registry.","Medium: mapping/provider drift, keyed feed operation when approved and category-level evaluation.",1445 projection owner for touched modules; no new scorer or IDP valuation model.,"Observed player counts, native keys, identity rejects, stale reasons, unsupported first downs/returns/thresholds/kicker distance/IDP events; no absent category treated as zero; per-family counts rather than brand counts.",FN response schema remains unverified pending a credentialed capture; SDIO entitlement/current health is operationally unverified. Existing permission attestation is not questioned.,"[""https://github.com/jasonleetucker-code/riskittogetthebrisket/blob/f3eacc180309b438c19fcd1e388e1d18d0c53c67/src/bdvm/projections.py"", ""https://github.com/jasonleetucker-code/riskittogetthebrisket/blob/f3eacc180309b438c19fcd1e388e1d18d0c53c67/scripts/refresh_bdvm_projections.py"", ""https://github.com/jasonleetucker-code/riskittogetthebrisket/pull/1445"", ""https://github.com/jasonleetucker-code/riskittogetthebrisket/blob/f3eacc180309b438c19fcd1e388e1d18d0c53c67/docs/C_SERIES_SCOPE_MANIFEST.md"", ""https://github.com/jasonleetucker-code/riskittogetthebrisket/blob/f3eacc180309b438c19fcd1e388e1d18d0c53c67/docs/OWNER_PRODUCT_BACKLOG_SPEC.md""]","R08,R09,R16",L,"IDP/K player coverage, actual scoring-category vocabulary, projection distributions, missing fields, depth roles and host awarded results",Per-category and per-player coverage under the actual league; missing remains unpriced with fallback provenance,Medium,https://github.com/jasonleetucker-code/riskittogetthebrisket/blob/cd4d522b54522c5eac8228bb0628f0bc4ed6dd1b/scripts/refresh_bdvm_projections.py,NOT EXECUTED IN THIS SESSION
R57,Prospective point and probability forecast archive,C5-GD-02; C5-PROJ-E; C1-HIST-01; W1-01..04,There is already a real pregame Game Day probability archive with historical production/restore evidence. It is not automatically a complete provider-stat projection archive.,Existing forecast archival/temporal producers,Established W1 archive; 1445 provider locks/revisions extension,"Capture pre-decision source forecasts and meaningful probability revisions with source, scoring/model/input hashes and player lock times.",EXTEND,Start/perpetuate authorized archival capture before mature evaluation; do not make all DAG parents a prerequisite to preserving perishable evidence.,"Medium: deduplicated forecast history, raw retention, schema versions and backup.",Existing archive writer; 1445 owns new baseline locks; evaluator/UI are consumers.,"Last eligible pre-kickoff observation, immutable original plus revisions, restart-safe locks, honest missing first capture, restore and time-safe replay; no current prediction backfill masquerading as original.",Current provider-level breadth and inclusion of every new stream in restoration were not verified.,"[""https://github.com/jasonleetucker-code/riskittogetthebrisket/blob/f3eacc180309b438c19fcd1e388e1d18d0c53c67/docs/season-launch/WEEK_1_LAUNCH_CONTRACT.md"", ""https://github.com/jasonleetucker-code/riskittogetthebrisket/pull/1445"", ""https://github.com/jasonleetucker-code/riskittogetthebrisket/blob/f3eacc180309b438c19fcd1e388e1d18d0c53c67/docs/C_SERIES_SCOPE_MANIFEST.md"", ""https://github.com/jasonleetucker-code/riskittogetthebrisket/blob/f3eacc180309b438c19fcd1e388e1d18d0c53c67/docs/OWNER_PRODUCT_BACKLOG_SPEC.md""]","R08,R11,R12",M,"Every decision-time projection/probability, input generation, available-at cutoff, declared uncertainty and eventual correct outcome","Freeze pre-kickoff and decision-time values, exact roster/rules, seed and outcome labels; never backfill future data as known",Medium,https://github.com/jasonleetucker-code/riskittogetthebrisket/blob/cd4d522b54522c5eac8228bb0628f0bc4ed6dd1b/src/bdvm/projections.py,NOT EXECUTED IN THIS SESSION
R58,Source disagreement explanation without false confidence,F-CONF-01; F-SRC-01; C6-EDGE-01; C7-DESK-01,"Source disagreement, provenance and explicit synthetic Monte Carlo bands already exist. Dispersion among analysts is not an outcome confidence interval.",Existing confidence/provenance owners and PSI evidence display,1434/1444 source geometry; 1437 analyst store; 1446 data-state consumer,Fold disagreement explanation into existing lenses/confidence UI and task evaluation rather than adding an independent consensus vote.,CONSOLIDATE,R10/R13/R37 supply shared evidence; readable explanation can precede a calibrated interval model if labels are honest.,Low: source contributions and explanatory generation maintenance.,Canonical confidence owner; Lane 6 uses approved states and charts.,"Separate coverage, freshness, expert spread, extraction confidence, synthetic bands and calibrated outcome uncertainty. Missing providers do not vote as ties or losses; correlated brands do not inflate certainty.",No calibrated future-outcome interval can be claimed from current disagreement alone.,"[""https://github.com/jasonleetucker-code/riskittogetthebrisket/blob/f3eacc180309b438c19fcd1e388e1d18d0c53c67/docs/OWNER_PRODUCT_BACKLOG_SPEC.md"", ""https://github.com/jasonleetucker-code/riskittogetthebrisket/pull/1434"", ""https://github.com/jasonleetucker-code/riskittogetthebrisket/pull/1444"", ""https://github.com/jasonleetucker-code/riskittogetthebrisket/pull/1437"", ""https://github.com/jasonleetucker-code/riskittogetthebrisket/pull/1446"", ""https://github.com/jasonleetucker-code/riskittogetthebrisket/blob/f3eacc180309b438c19fcd1e388e1d18d0c53c67/docs/C_SERIES_SCOPE_MANIFEST.md""]","R10,R13,R24,R37",M,"Family-resolved source opinions, rank/native-value translation, source freshness, disagreement and empirical prediction-error distributions","Separate independence, coverage, disagreement and outcome uncertainty; expose which opinions drive disagreement",Low,https://github.com/jasonleetucker-code/riskittogetthebrisket/blob/cd4d522b54522c5eac8228bb0628f0bc4ed6dd1b/src/api/data_contract.py,NOT EXECUTED IN THIS SESSION
R59,Championship-equity and capital trade scenarios,C7-POST-01; C7-PICKGEN-01; C7-DESK-01; C5-PLAY-01; #840; #792,"Competitive window, playoff/title impact and capital scenarios are existing native outcomes. Research adds coherence and uncertainty requirements.","Existing postseason, trade and future-pick scenario owners",1442 lifecycle; 1445 scenario foundation; no separate new title-equity engine,"Compare legal trade alternatives on current and future league-specific scenarios, retaining market price and capital separately.",EXTEND,Needs credible forecasts/order rules and paired scenarios for mature acceptance; simple transparent what-ifs can precede calibrated title probabilities.,"Medium: season simulation, pick distributions, snapshots and evaluation.","Existing model owners; trade is a consumer, not a duplicate playoff engine.",Same scenario seeds and rules before/after; opponent and original-pick-team effects; uncertainty/coverage disclosure; no double counting overlapping signals or invented acceptance probability.,No current calibrated championship-equity gain or profitability estimate was established.,"[""https://github.com/jasonleetucker-code/riskittogetthebrisket/blob/f3eacc180309b438c19fcd1e388e1d18d0c53c67/docs/OWNER_PRODUCT_BACKLOG_SPEC.md"", ""https://github.com/jasonleetucker-code/riskittogetthebrisket/pull/1442"", ""https://github.com/jasonleetucker-code/riskittogetthebrisket/pull/1445"", ""https://github.com/jasonleetucker-code/riskittogetthebrisket/blob/f3eacc180309b438c19fcd1e388e1d18d0c53c67/docs/C_SERIES_SCOPE_MANIFEST.md""]","R18,R19,R20,R29,R32",L,"Paired pre/post-trade legal rosters, current-season scenarios, future pick capital and multiple horizon/risk assumptions","Paired counterfactuals with legal rosters, future capital and horizon sensitivity; no unsupported single life-time franchise number",Medium,https://github.com/jasonleetucker-code/riskittogetthebrisket/blob/cd4d522b54522c5eac8228bb0628f0bc4ed6dd1b/docs/OWNER_FEATURE_INVENTORY.md,NOT EXECUTED IN THIS SESSION
R60,Salary-cap and contract-league extension,"Outside current core; candidate only, no native row assigned","Salary-cap/contract-league economics are an optional research adjacency, not an established new core requirement.",Potential future format adapter after owner scope approval,No active salary-cap/contract-league claim verified,Keep as an explicitly unadopted candidate until a real owner use case and rule/asset model justify it.,DEFER,Do not confuse optional contract-league mechanics with already-approved NFL contract context or devy/media work.,"High research-rated burden: host adapters, rules, multiyear obligations and new edge cases; no monetary estimate.",No implementation dispatch; concept study only within future approved scope.,"Before adoption: exact target format, legal state/contract obligations, marginal benefit over current product, tested adapter and selected code/data license record.","The deferral is a proposal about new adjacency, not a deletion/deferment of existing owner-approved outcomes.","[""https://github.com/jasonleetucker-code/riskittogetthebrisket/blob/f3eacc180309b438c19fcd1e388e1d18d0c53c67/docs/MASTER_PRODUCT_PLAN.md"", ""https://github.com/jasonleetucker-code/riskittogetthebrisket/blob/f3eacc180309b438c19fcd1e388e1d18d0c53c67/docs/C_SERIES_SCOPE_MANIFEST.md"", ""https://github.com/jasonleetucker-code/riskittogetthebrisket/blob/f3eacc180309b438c19fcd1e388e1d18d0c53c67/docs/OWNER_PRODUCT_BACKLOG_SPEC.md""]","R04,R22,R53",L,"Explicit owner-selected contract-league rules, salaries, cap, contract years, rights and actual supported host data",Proceed only with demonstrated owner need and explicit rule/data contract; no core release delay,High,https://home.myfantasyleague.com/,NOT EXECUTED IN THIS SESSION
R61,"Broad devy, media and social expansion",C6-POD-01; C6-YT-01; C6-X-01; #782; #783; #788; #803; X-03/#801,"Broad media/devy/social scope is partly approved already. Podcast/YouTube dedupe and source breadth targets, private/public boundaries and default costs are native decisions.",Existing analyst/media/prospect owners,1437 MERGED ledger; X cost gate; ETR owner pause,Stage approved coverage through the ledger and meaningful player tasks; keep X official/API-cost-gated and ETR paused without dropping media/devy wholesale.,REFRAME,Research P4 is not authority to defer all existing approved media/development work. Any material reduction requires owner approval.,"High research-rated burden: extraction QA, provider drift, storage and optional API costs; actual dollars unmeasured.",Existing media/acquisition owners; deterministic player UI and ledger consumers can progress now where authorized.,"Authentic claim provenance, cross-media/analyst dedupe, freshness/supersession, source-count versus independent evidence distinction, useful player task and approved spend; no automatic X or ETR activation.",Current full producer breadth is unverified. Old access-posture prose must not reopen owner-attested permissions.,"[""https://github.com/jasonleetucker-code/riskittogetthebrisket/blob/f3eacc180309b438c19fcd1e388e1d18d0c53c67/docs/OWNER_REQUESTED_TODO.md"", ""https://github.com/jasonleetucker-code/riskittogetthebrisket/pull/1437"", ""https://github.com/jasonleetucker-code/riskittogetthebrisket/blob/f3eacc180309b438c19fcd1e388e1d18d0c53c67/docs/C_SERIES_SCOPE_MANIFEST.md"", ""https://github.com/jasonleetucker-code/riskittogetthebrisket/blob/f3eacc180309b438c19fcd1e388e1d18d0c53c67/docs/OWNER_PRODUCT_BACKLOG_SPEC.md""]","R13,R24,R33,R52",L,"Existing authorized content scope, per-source extraction accuracy, cost, coverage, player/horizon relevance and owner approvals",Stage existing authorized scope by extraction quality and user utility; any scope reduction requires owner decision,High,https://github.com/jasonleetucker-code/riskittogetthebrisket/blob/cd4d522b54522c5eac8228bb0628f0bc4ed6dd1b/docs/C_SERIES_SCOPE_MANIFEST.md,NOT EXECUTED IN THIS SESSION
R62,Autonomous transactions and unlicensed code copying,C7-GATE-01; CE-11; OD-02; external-code review boundary,The research combines two different exclusions. Native CE-11/C7-GATE-01 preserves a human-confirmed gateway; excluding autonomous transactions must not silently reject that owner-approved gated outcome.,Existing human-confirmed action-gateway and dependency/security owners,No autonomous transactions or code adoption authorized,Maintain no silent trades/claims/drops and no copying without an applicable grant; retain the manual confirmation gateway under its existing approval/security gates.,REFRAME,Recommendation/evaluation remains read-only. Any write capability requires its own explicit authority and legal/credential controls.,High potential gateway maintenance; no recurring spend or implementation initiated by this reconciliation.,No new execution lane; existing gateway owner only after required owner decision.,"Specific user confirmation of exact action, account/league/recipient validation, auditability, idempotency and fail-closed credentials; selected-file/version license proof for any imported code.","This planning task authorizes no transaction, roadmap write, gateway activation or external code import.","[""https://github.com/jasonleetucker-code/riskittogetthebrisket/blob/f3eacc180309b438c19fcd1e388e1d18d0c53c67/docs/MASTER_PRODUCT_PLAN.md"", ""https://github.com/jasonleetucker-code/riskittogetthebrisket/blob/f3eacc180309b438c19fcd1e388e1d18d0c53c67/docs/C_SERIES_SCOPE_MANIFEST.md"", ""https://github.com/jasonleetucker-code/riskittogetthebrisket/blob/f3eacc180309b438c19fcd1e388e1d18d0c53c67/docs/OWNER_PRODUCT_BACKLOG_SPEC.md""]",None,L,Explicit transaction authorization and code license are mandatory prerequisites; no irreversible action is authorized by this study,"No automatic offers, claims, drops or code imports based only on public visibility",High,https://docs.sleeper.com/,NOT EXECUTED IN THIS SESSION
R63,Stat correction and derived-output invalidation,C5-ST-01; C5-GD-01/02; C1-HIST-01; C9-TRUTH-01,Current research must distinguish observing/archiving corrections from feeding them into derived live results. 1445’s own receipt identifies that remaining correction-consumer gap.,"Canonical realized stats, revision and generation owners",1435 MERGED cutoff; 1445 archives corrections but does not yet rescore live inputs,Define and verify how corrected facts revise current derived results while preserving original decision-time evidence and historical publication policy.,EXTEND,Reuse source/known-time and generation owners; do not mutate immutable original forecasts or duplicate business arithmetic in the UI.,"Low-to-medium: revision events, selective invalidation and retention.",Existing stats/generation writer; UI displays corrected generation and provenance.,Authentic or controlled correction old→new; affected lineup/matchup/median/share/recap recompute consistently; unaffected outputs stable; original forecast retained; correction and projection revision labeled differently.,Full correction propagation is not proved by a saved raw correction record; current production path not executed.,"[""https://github.com/jasonleetucker-code/riskittogetthebrisket/blob/f3eacc180309b438c19fcd1e388e1d18d0c53c67/docs/season-launch/WEEK_1_LAUNCH_CONTRACT.md"", ""https://github.com/jasonleetucker-code/riskittogetthebrisket/blob/f3eacc180309b438c19fcd1e388e1d18d0c53c67/src/ros/game_day_sim.py"", ""https://github.com/jasonleetucker-code/riskittogetthebrisket/pull/1435"", ""https://github.com/jasonleetucker-code/riskittogetthebrisket/pull/1445"", ""https://github.com/jasonleetucker-code/riskittogetthebrisket/blob/f3eacc180309b438c19fcd1e388e1d18d0c53c67/docs/C_SERIES_SCOPE_MANIFEST.md"", ""https://github.com/jasonleetucker-code/riskittogetthebrisket/blob/f3eacc180309b438c19fcd1e388e1d18d0c53c67/docs/OWNER_PRODUCT_BACKLOG_SPEC.md""]","R05,R11,R12",M,"Provider/stat correction IDs, old/new results, event/known times, affected outputs and immutable historical forecast references","Correction event links old/new values, recomputes affected results and preserves frozen prediction evidence",Low,https://nflreadr.nflverse.com/articles/nflverse_data_schedule.html,NOT EXECUTED IN THIS SESSION
R64,Source-directed player research queue,Candidate extension of C6-UPP-01 / C6-ANA-01 / C7-ALERT-01; no new ID,Player profiles/analyst evidence and alerts are native foundations; a prioritized queue of consequential unanswered questions is an additional product consumer.,Existing player evidence and action-sensitivity consumers,No current research-queue implementation verified,"Test a small private question queue with known evidence, deadline and transparent action sensitivity before broad commitment.",NEW CANDIDATE,Can prototype using existing player/claim schemas; do not require all sophisticated VOI modeling before a useful manually inspectable list.,"Low: saved questions, evidence refresh and simple prioritization.",Existing player/analyst reader after owner approval; Lane 6 uses shared primitives.,Questions link to evidence and a concrete decision; resolve/supersede history; no popularity proxy masquerading as value; missing evidence explicit; no new autonomous research/source spend.,Full native alias coverage might locate related work; no uniqueness or measured benefit claim.,"[""https://github.com/jasonleetucker-code/riskittogetthebrisket/blob/f3eacc180309b438c19fcd1e388e1d18d0c53c67/docs/OWNER_PRODUCT_BACKLOG_SPEC.md"", ""https://github.com/jasonleetucker-code/riskittogetthebrisket/blob/f3eacc180309b438c19fcd1e388e1d18d0c53c67/docs/C_SERIES_SCOPE_MANIFEST.md""]","R20,R24,R39,R40",M,"Unanswered player/action questions, disagreement, missing evidence, deadline, candidate sources and expected decision sensitivity","Rank unanswered questions by action impact and deadline; show the next useful evidence, not merely another link",Low,https://rosteraudit.com/,NOT EXECUTED IN THIS SESSION
R65,Contingent bench insurance graph,#1173; C2-LINE-01; C2-SIM-01; C7-WAIV-01,Contingent bench insurance is already a #1173 extension. It should not produce a duplicate depth-value component or separate build ticket.,Same best-ball marginal utility/role owner as R17 and R36,1445 scenario substrate; no distinct graph engine,Add a graph/explanation of shared contingency events to the same marginal legal-lineup evaluator.,CONSOLIDATE,Consolidate implementation with R17/R36; visualization may be developed on an approved stable schema without waiting for all advanced scenarios.,Medium: role-state upkeep and evaluation; graph rendering is a consumer.,"Simulation owner serial, disjoint Lane 6 explanation consumer.",Show the precise displaced slot/player and contingency; no double counting two backups for one role; legal forced drop; uncertainty and source freshness carried through.,Not evidence for a permanent arbitrary handcuff premium or a new canonical value.,"[""https://github.com/jasonleetucker-code/riskittogetthebrisket/blob/f3eacc180309b438c19fcd1e388e1d18d0c53c67/src/ros/lineup.py"", ""https://github.com/jasonleetucker-code/riskittogetthebrisket/pull/1445"", ""https://github.com/jasonleetucker-code/riskittogetthebrisket/blob/f3eacc180309b438c19fcd1e388e1d18d0c53c67/docs/C_SERIES_SCOPE_MANIFEST.md"", ""https://github.com/jasonleetucker-code/riskittogetthebrisket/blob/f3eacc180309b438c19fcd1e388e1d18d0c53c67/docs/OWNER_PRODUCT_BACKLOG_SPEC.md""]","R17,R18,R34,R36",M,"Depth-chart role graph, mutually exclusive opportunity states, injury/transaction contingencies, lineup contributions and roster slot costs",Trace who benefits under role/injury scenarios; avoid counting mutually exclusive promotions as additive upside,Medium,https://github.com/ffverse/ffopportunity,NOT EXECUTED IN THIS SESSION
R66,Action-aware freshness priority,#1423; C7-ALERT-01; existing acquisition orchestration owner,"Action-aware freshness is an extension of adaptive acquisition, not a separate around-the-clock scraper fleet.",Same scheduler/source acquisition owner as R15,1425 OPEN intake; 1445 Game Day has its own existing cadence,"Within existing cadence floors and budgets, prioritize evidence likely to affect an open decision before its deadline.",EXTEND,Do not sacrifice source health floors or live-game cadence for a speculative VOI estimate; R15 and R52 own shared controls.,"Medium: measured source change rates, request budgets and pending-action state.",Acquisition owner serial; read-only sensitivity research can be parallel.,"Bounded requests/concurrency, fair minimum refresh, deterministic fallback when sensitivity missing, observable priority reasons and no cost-gated source activation.",Action-priority quality and actual cost saving were not measured.,"[""https://github.com/jasonleetucker-code/riskittogetthebrisket/blob/f3eacc180309b438c19fcd1e388e1d18d0c53c67/docs/OWNER_REQUESTED_TODO.md"", ""https://github.com/jasonleetucker-code/riskittogetthebrisket/pull/1425"", ""https://github.com/jasonleetucker-code/riskittogetthebrisket/pull/1445"", ""https://github.com/jasonleetucker-code/riskittogetthebrisket/blob/f3eacc180309b438c19fcd1e388e1d18d0c53c67/docs/C_SERIES_SCOPE_MANIFEST.md"", ""https://github.com/jasonleetucker-code/riskittogetthebrisket/blob/f3eacc180309b438c19fcd1e388e1d18d0c53c67/docs/OWNER_PRODUCT_BACKLOG_SPEC.md""]","R15,R40,R52",M,"Action sensitivity to each source, expected information arrival, source cost/reliability, deadline and minimum monitoring requirements","Prioritize refresh by likely action change per compute/request cost, bounded by reliability floors",Medium,https://github.com/jasonleetucker-code/riskittogetthebrisket/blob/cd4d522b54522c5eac8228bb0628f0bc4ed6dd1b/config/sources/freshness_v1.json,NOT EXECUTED IN THIS SESSION
R67,Offer option value and expiry dashboard,Candidate private offer consumer of C6-MGR-01 / C7-AI-02 / C7-DESK-01,Offer expiry/option value requires private prospective terms and timestamps not supplied by completed public transactions alone.,Existing private offer/path-planning and temporal owners,No offer-expiry dashboard claim verified,Approve a private expiry/alternatives view; distinguish known deadlines from uncertain withdrawal or counterpart response.,NEW CANDIDATE,Reuse any approved journal and path evaluator; no silent offer sending and no manufactured probability of acceptance.,"Low: private offer state, reminders, deletion and revision handling.",Existing private reader after scope approval; no independent action executor.,"Actual entered terms/expiry, known-time revisions, alternatives after expiry, unknown withdrawal risk and privacy; reminders honor preferences and never execute the offer.",No confirmed current producer or calibrated option-value method.,"[""https://github.com/jasonleetucker-code/riskittogetthebrisket/blob/f3eacc180309b438c19fcd1e388e1d18d0c53c67/docs/OWNER_PRODUCT_BACKLOG_SPEC.md"", ""https://github.com/jasonleetucker-code/riskittogetthebrisket/blob/f3eacc180309b438c19fcd1e388e1d18d0c53c67/docs/C_SERIES_SCOPE_MANIFEST.md""]","R14,R20,R40,R42",M,"Open offers, expiry/revocation rules, roster constraints, upcoming information, waiting cost and next-best manual action","Show expiry, incoming information, reversibility and next-best alternative; keep all execution manual",Low,https://thearmchairoffice.com/,NOT EXECUTED IN THIS SESSION
R68,Historical blind decision replay exercises,C1-HIST-01; C3-REPLAY-01; CE-28 feedback candidate,"Time-safe historical replay is native scope. Blind decision practice is a new presentation/feedback extension, not a new temporal substrate.",Existing historical replay and private feedback owners,Historical foundations already exist; no separate blind-practice UX claim verified,Prototype a replay task that hides future outcomes and separates recorded from reconstructed evidence and process from outcome.,EXTEND,Existing historical gaps must remain visible; do not backfill current values or assume exact original alternatives.,"Low: curated replay cases, fidelity metadata and feedback rubric maintenance.",Existing history reader; Lane 6 UX after approval of the added practice outcome.,All displayed evidence knowable at cutoff; future outcome reveal separate; honest identity/anonymization limitations; original versus reconstructed state visible; rubric frozen before outcome scoring.,Current replay fidelity and the proposed practice UX were not exercised.,"[""https://github.com/jasonleetucker-code/riskittogetthebrisket/blob/f3eacc180309b438c19fcd1e388e1d18d0c53c67/docs/C_SERIES_EXECUTION_MAP.md"", ""https://github.com/jasonleetucker-code/riskittogetthebrisket/blob/f3eacc180309b438c19fcd1e388e1d18d0c53c67/docs/C_SERIES_SCOPE_MANIFEST.md"", ""https://github.com/jasonleetucker-code/riskittogetthebrisket/blob/f3eacc180309b438c19fcd1e388e1d18d0c53c67/docs/OWNER_PRODUCT_BACKLOG_SPEC.md""]","R11,R13,R14,R44",M,"Historical evidence available by the selected cutoff, fidelity labels, hidden future outcomes, original alternatives and later reveal",Replay a decision with later outcomes hidden; reveal evidence and outcome separately; distinguish reconstructed fidelity,Low,https://github.com/jasonleetucker-code/riskittogetthebrisket/blob/cd4d522b54522c5eac8228bb0628f0bc4ed6dd1b/docs/C_SERIES_EXECUTION_MAP.md,NOT EXECUTED IN THIS SESSION
R69,Completion portfolio reconciliation and dependency ownership,Calculator Ideas whole portfolio; C0-GOV-01..09; C10-CLOSE-01..07; #1412; #1418,"Current C manifest has 164 rows; V1 has 136 historical identities with 132 required/recorded verified and 4 transferred debt rows; W1 records 30/30. C/V1 blobs match research baseline, so research 185/137 is not evidence of removed scope.",Existing planning/integration authority; EXECUTION_PLAN authorizes implementation,1419/1416/1425 intake overlaps; current main front door already exists,Attach this evidence to native outcomes only after owner approval; reconcile stale issue/claim/ledger labels and preserve original zero-loss source aliases.,KEEP,No second backlog. Research DAG and priority labels never replace latest execution amendments or permanently parallel Lane 6.,Low: periodic current-main/PR/claim reconciliation and crosswalk upkeep.,Planning authority only for canonical edits after approval; no new work claimed in this exercise.,All 70 rows mapped with disposition/uncertainty; separate denominators; no implementation deleted with duplicates; true remaining production/source/tip/alias gaps recorded rather than falsely certified.,"This package completes a 70-row planning map, not fresh certification of all native code/runtime rows or all branch tips. Broad native alias zero-loss audit remains partial.","[""https://github.com/jasonleetucker-code/riskittogetthebrisket/blob/f3eacc180309b438c19fcd1e388e1d18d0c53c67/docs/BRISKET_IDEAS.md"", ""https://github.com/jasonleetucker-code/riskittogetthebrisket/blob/f3eacc180309b438c19fcd1e388e1d18d0c53c67/docs/C_SERIES_SCOPE_MANIFEST.md"", ""https://github.com/jasonleetucker-code/riskittogetthebrisket/blob/f3eacc180309b438c19fcd1e388e1d18d0c53c67/docs/VERSION_1_COMPLETION_CONTRACT.md"", ""https://github.com/jasonleetucker-code/riskittogetthebrisket/blob/f3eacc180309b438c19fcd1e388e1d18d0c53c67/docs/season-launch/WEEK_1_LAUNCH_CONTRACT.md"", ""https://github.com/jasonleetucker-code/riskittogetthebrisket/pull/1419"", ""https://github.com/jasonleetucker-code/riskittogetthebrisket/pull/1416"", ""https://github.com/jasonleetucker-code/riskittogetthebrisket/pull/1425"", ""https://github.com/jasonleetucker-code/riskittogetthebrisket/blob/f3eacc180309b438c19fcd1e388e1d18d0c53c67/docs/OWNER_PRODUCT_BACKLOG_SPEC.md""]",None,M,"Current main, paginated PR/issue/branch inventories, WORK_CLAIMS, all canonical denominators, code and production proof","Refresh all native IDs, map proposed recommendations to owners and claims, preserve separate denominators, ask approval before roadmap changes",Low,https://github.com/jasonleetucker-code/riskittogetthebrisket/blob/cd4d522b54522c5eac8228bb0628f0bc4ed6dd1b/docs/BRISKET_IDEAS.md,NOT EXECUTED IN THIS SESSION
R70,Decision packet performance and integration budgets,C8-PERF-01..05; #1338; C7-DESK-01; C5-GD-01; C8-PSI-02,"Performance/immutable-generation work already has active owners. 1346 retains legacy serving and disabled prepared frontend defaults; Game Day has its own bounded transferred materialization scope. The current Game Day PR explicitly retains a no-generation compute-on-request single-flight fallback, labelled degraded; no claim is made that its cold path already meets the serving budget.",Existing prepared-serving/performance owners plus current product pair,1346 DRAFT; 1445 backend; 1446 active Lane 6,"Make the selected product slice meet meaningful response, interaction, integration, resource and production acceptance without activating unrelated prepared serving.",CONSOLIDATE,Compute duration is not request latency. Preserve exact shared-file/hunk ownership; no blanket 1346 freeze and no second cache architecture.,"Medium: latency/resource monitoring, refresh/serve overlap tests, retention and release verification.",1346 owns its broad prepared rollout; 1445/1446 own the paired Game Day slice; independent approved UI continues.,"Apply existing P1/P2 route budgets; serve compatible generations without request-time scraping/simulation; measure during collection on actual host; document cold/degraded/restart behavior, mobile tasks, production SHA and rollback. Treat eliminating or explicitly bounding the degraded cold compute path as remaining acceptance, not existing behavior.",Author local timing/test counts are not current production SLO evidence. No fresh performance or deployment acceptance was run.,"[""https://github.com/jasonleetucker-code/riskittogetthebrisket/blob/f3eacc180309b438c19fcd1e388e1d18d0c53c67/docs/C_SERIES_SCOPE_MANIFEST.md"", ""https://github.com/jasonleetucker-code/riskittogetthebrisket/blob/f3eacc180309b438c19fcd1e388e1d18d0c53c67/docs/PERFORMANCE_CAMPAIGN.md"", ""https://github.com/jasonleetucker-code/riskittogetthebrisket/blob/f3eacc180309b438c19fcd1e388e1d18d0c53c67/docs/ui/CALCULATOR_UI_IMPLEMENTATION_CONTRACT.md"", ""https://github.com/jasonleetucker-code/riskittogetthebrisket/pull/1346"", ""https://github.com/jasonleetucker-code/riskittogetthebrisket/pull/1445"", ""https://github.com/jasonleetucker-code/riskittogetthebrisket/pull/1446"", ""https://github.com/jasonleetucker-code/riskittogetthebrisket/blob/f3eacc180309b438c19fcd1e388e1d18d0c53c67/docs/OWNER_PRODUCT_BACKLOG_SPEC.md""]","R06,R12,R20,R27",L,"Decision-route latency distributions, generation joins, simulated workload, mobile responsiveness and scrape-overlap observations","Useful first result within owner budget, bounded simulation refinement, exact generation parity and no request-triggered scraping",Medium,https://github.com/jasonleetucker-code/riskittogetthebrisket/pull/1346,NOT EXECUTED IN THIS SESSION
